ID,Title,MAL normalized score,Overall,AU,AP,MU,MP,CU,CP,AL,AI,AM,IP,IG,B,A
M-58,Ideal/Idol,4.433333333333334,0.14999999999999997,0,0,0,0,0,0,0,0,0.15,0,0,0,0
M-VGMDB-AL-99272,Just Believe!!!,5.573487010561503,2.204322722179157,0,0.14999999999999997,0,0,0,0,0,0,2.054322722179157,0,0,0,0
M-VGMDB-AL-78575,Natsu no Yakusoku,4.633333333333333,0.4499999999999999,0,0,0,0,0,0,0,0,0.4499999999999999,0,0,0,0
M-VGMDB-AL-42900-3,nagi,4.573333333333333,0.36,0,0,0,0,0,0,0,0,0.36,0,0,0,0
M-VGMDB-AL-42900-1,ebb and flow,5.109523809523809,1.2299999999999998,0,0,0,0,0,0,0,0,1.2299999999999998,0,0,0,0
M-VGMDB-AL-95029-1,Gomakashi,5.4523809523809526,1.9500000000000004,0,0,0,0,0,0,0,0,1.9500000000000004,0,0,0,0
M-59,Amaoto Fanfare,4.633333333333333,0.4499999999999999,0,0,0,0,0,0,0,0,0.4499999999999999,0,0,0,0
M-VGMDB-AL-114399,BanG Dream! Girls Band Party! Cover collection vol.6,5.369047619047619,1.775,0,0.275,0,0,0,0,0,0,1.5,0,0,0,0
M-VGMDB-AL-78339,＊Heart Confusion＊,4.8529886357058984,0.7794829535588478,0,0,0,0,0,0,0,0,0.7794829535588478,0,0,0,0
M-VGMDB-AL-120836,Ginga no Shizuku,4.633333333333333,0.4499999999999999,0,0,0,0,0,0,0,0,0.4499999999999999,0,0,0,0
M-VGMDB-AL-41292,Colorful,5.438706370352389,1.9212833777400151,0,0,0,0,0,0,0,0,1.9212833777400151,0,0,0,0
M-VGMDB-AL-58147-1,Aozora Jumping Heart,5.238095238095238,1.5,0,0,0,0,0,0,0,0,1.5,0,0,0,0
M-VGMDB-AL-102281,"Dream with You/Poppin' Up!/DIVE! / Ayumu Uehara (CV. Aguri Onishi), Kasumi Nakasu (CV. Mayu Sagara), Setsuna Yuki (CV. Tomori Kusunoki) from Nijigasaki High School Idol Club [Ayumu Uehara Edition]",5.141682219904007,1.2975326617984144,0,0.5,0,0.7940615517305145,0,0,0,0,0.30000000000000004,0,0,0,0
M-VGMDB-AR-30829,KiRaRe,7.522664031427219,6.119287321329306,0,0.43758432635134453,0,0,0,2.408226055243003,0,0,3.627789504360262,0,0,0,0
M-VGMDB-AL-104341,Do Re Mi Fa STARS!!/Hoshizora Light Story,5.286151068789186,1.6009172444572908,0,0,0,0,0,0,0,0,1.6009172444572908,0,0,0,0
A-MAL-34522,"Wake Up, Girls! Shin Shou",5.088001595213584,1.1848033499485269,0.015631994211187394,0.09690050721882264,0.014908870315960013,0.07972287086173317,0.011075607885877895,0.02381696289089315,0,0,0.029924766983426235,0,0,1.010766511328941,0
M-VGMDB-AL-104418-1,Good Day by Day,4.833333333333333,0.75,0,0,0,0,0,0,0,0,0.75,0,0,0,0
M-60,Cobalt Memories (Amane Makino ver.),4.833333333333333,0.75,0,0,0,0,0,0,0,0,0.75,0,0,0,0
A-MAL-43470,Rikei ga Koi ni Ochita no de Shoumei shitemita. Heart,4.03627336656372,-0.44558995015441916,0.04689598263356218,0.29070152165646795,0.04472661094788004,0.2391686125851995,0.033226823657633686,0.07145088867267944,0,0,0.08977430095027872,0,0,-0.9677004660131769,0
M-VGMDB-AL-81504,KIZUNA MUSIC♪,6.218328906093335,3.4056604685306686,0,1.9056604685306684,0,0,0,0,0,0,1.5,0,0,0,0
F-VGMDB-6626,Iroduku Sekai no Ashita kara,7.080693528650332,4.75,0,0.24622540721689742,0,0,2.2160286649520766,0,0,0,1.5,0,0,1,0
A-MAL-11887,Kokoro Connect,7.04015878091906,4.624417600738095,0,2.2002793419834834,0,0.18612097182041992,2.438599604235772,0,0,0,0.08999999999999997,0,0,1,0
M-VGMDB-AL-120836-1,Ginga no Shizuku,4.633333333333333,0.4499999999999999,0,0,0,0,0,0,0,0,0.4499999999999999,0,0,0,0
M-47,Tamame - Ebb and Flow (5 years after remix),4.933333333333334,0.8999999999999999,0,0,0,0,0,0,0,0,0.8999999999999999,0,0,0,0
M-VGMDB-AL-41280-1,Aqua Terrarium,4.483333333333333,0.22499999999999992,0,0,0,0,0,0,0,0,0.22499999999999995,0,0,0,0
M-46,fourfolium,5.437445368915107,1.9186352747217246,0,0.40374774684105835,0,0,0,0,0,0,1.5148875278806662,0,0,0,0
M-VGMDB-AR-8870,HO-KAGO TEA TIME,4.917413709710804,0.8761205645662058,0,0.1341640786499874,0,0,0,0,0,0,0.7419564859162184,0,0,0,0
M-45,Snow Halation (feat. BeasttrollMC),4.480620413783492,0.22093062067523814,0,0.07093062067523817,0,0,0,0,0,0,0.15,0,0,0,0
M-VGMDB-AL-51254-1,Stella-rium,5.285714285714286,1.6,0,0,0,0.10000000000000002,0,0,0,0,1.5,0,0,0,0
M-44,Gakuen Seikatsubu,5.041715643025548,1.0876028503536521,0,0.23643540225079393,0,0,0,0,0,0,0.8511674481028582,0,0,0,0
A-MAL-19111,Love Live! School Idol Project 2nd Season,6.185884283356959,3.3602379966997424,-0.20578832063188485,2.4779161735759017,-0.20723456842233964,0.15944574172346632,0.022151215771755793,0.0476339257817863,0,0,0.1558607259377577,0,0,1.021533022657882,0
M-VGMDB-AL-120842,Unison Monologue,4.933333333333334,0.8999999999999999,0,0,0,0,0,0,0,0,0.8999999999999999,0,0,0,0
M-VGMDB-AR-8874,Sato Satomi,4.485122661021416,0.22768399153212326,0,0,0,0,0,0,0,0,0.2276839915321233,0,0,0,0
M-49,Sore wa Kitto Natsudatta,5.357142857142857,1.75,0,0.24999999999999997,0,0,0,0,0,0,1.5,0,0,0,0
M-48,Re:STAGE! ALL IDOL,5.604657076956011,2.2697798616076224,0,0,0,0,0,0,0,0,2.2697798616076224,0,0,0,0
A-MAL-35860,Karakai Jouzu no Takagi-san,3,-1,0,0,0,0,0,0,0,0,0,0,0,-1,0
M-VGMDB-AL-78530-1,Do it!! PARTY!!,5.238095238095238,1.5,0,0,0,0,0,0,0,0,1.5,0,0,0,0
M-VGMDB-AL-78478-1,360° Hoshi no Orchestra,5.023809523809524,1.05,0,0.3,0,0,0,0,0,0,0.75,0,0,0,0
M-VGMDB-AL-120844,Chiguhagu Melody,4.733333333333333,0.6000000000000001,0,0,0,0,0,0,0,0,0.6000000000000001,0,0,0,0
M-VGMDB-AL-120845,Sin City,5.023809523809524,1.0499999999999998,0,0,0,0,0,0,0,0,1.0499999999999998,0,0,0,0
M-VGMDB-AL-41280,Aqua Terrarium,4.483333333333333,0.22499999999999992,0,0,0,0,0,0,0,0,0.22499999999999995,0,0,0,0
M-VGMDB-AL-33537,crossing field,4.533333333333333,0.30000000000000004,0,0,0,0,0,0,0,0,0.30000000000000004,0,0,0,0
A-MAL-11757,Sword Art Online,5.0285714285714285,1.06,0,0,0,0,0,0,0,0,0.06,0,0,1,0
A-MAL-33206,Kobayashi-san Chi no Maid Dragon,5.8,2.6799999999999997,0,1.5,0,0,0,0,0,0,0.17999999999999997,0,0,1,0
M-VGMDB-AL-41278,lull ~Soshite Bokura wa~,4.483333333333333,0.22499999999999992,0,0,0,0,0,0,0,0,0.22499999999999995,0,0,0,0
F-VGMDB-3483,Kokoro Connect,7.344050326462917,5.5659167228694,0,2.5,0,0.2,2.9,0,0,0,0.4499999999999999,0,0,1,0
M-50,9-tie,5.199339244526078,1.4186124135047637,0,0,0,0,0,0,0,0,1.4186124135047637,0,0,0,0
M-VGMDB-AL-102277,"NEO SKY, NEO MAP!",5.4523809523809526,1.9500000000000004,0,0,0,0,0,0,0,0,1.9500000000000004,0,0,0,0
M-VGMDB-AR-6783,Hanazawa Kana,5.162139295572761,1.340492520702797,0,0.15404867817385995,0,0,0,0,0,0,1.186443842528937,0,0,0,0
M-VGMDB-AL-102276,Nijiiro Passions!,4.933333333333334,0.8999999999999999,0,0,0,0,0,0,0,0,0.8999999999999999,0,0,0,0
M-VGMDB-AR-27992,Poppin'Party,7.072388055707969,4.724268466501346,0,1.808433863304949,0,0,0,0,0,0,2.9158346031963975,0,0,0,0
F-VGMDB-3245,Yuusha de Aru,9.266231265252308,10.522393241625593,0.037516786106849734,1.7802289995951248,2.285781288758304,4.191334890068159,5.149286395800288,0.05716071093814355,0,0,1.370543899726273,0,0,1.0258396271894585,0
M-VGMDB-AR-27993,Roselia,4.995352459635557,0.9930286894533344,0,0,0,0,0,0,0,0,0.9930286894533344,0,0,0,0
M-VGMDB-AL-76155,Loop Shiteru/Asuiro Koi Moyou,6.1474375851478795,3.306412619207031,0,0.9064126192070304,0,0,0,0,0,0,2.4000000000000004,0,0,0,0
M-VGMDB-AL-20118,Utauyo!!MIRACLE,4.927907494233651,0.8918612413504764,0,0.14186124135047637,0,0,0,0,0,0,0.75,0,0,0,0
M-53,Re:STAGE! Songs Compilation,4.333333333333333,0,0,0,0,0,0,0,0,0,0,0,0,0,0
A-MAL-35507,Youkoso Jitsuryoku Shijou Shugi no Kyoushitsu e (TV),6.285714285714286,3.5,0,2.5,0,0,0,0,0,0,0,0,0,1,0
M-VGMDB-AL-80341-1,17 Sai,5.238095238095238,1.5,0,0,0,0,0,0,0,0,1.5,0,0,0,0
M-52,United (L.A.O.S Remix),5.515165012325573,2.0818465258837042,0,0.7318465258837042,0,0,0,0,0,0,1.35,0,0,0,0
M-51,LiGHTs,5.064233300382767,1.1348899308038112,0,0,0,0,0,0,0,0,1.1348899308038112,0,0,0,0
M-VGMDB-AL-41292-1,Colorful,5.438706370352389,1.9212833777400151,0,0,0,0,0,0,0,0,1.9212833777400151,0,0,0,0
M-VGMDB-AL-34411,Aimai Bambina,5.311646652788204,1.6544579708552276,0,0,0,0,0.3958523732318682,0,0,0,1.2586055976233594,0,0,0,0
F-VGMDB-8817,ATRI -My Dear Moments-,6.811260665842816,4.2357649321799435,0,0.9750666683564637,0,0,2.645507643744106,0,0,0,1.7999999999999998,0,0,-0.5,0
M-VGMDB-AL-52045,CANDY MAGIC,4.533333333333333,0.30000000000000004,0,0,0,0,0,0,0,0,0.30000000000000004,0,0,0,0
A-MAL-19023,"Wake Up, Girls!",5.763510224377506,2.603371471192763,0.015631994211187394,0.09690050721882264,0.014908870315960013,0.07972287086173317,0.8934837305549446,0.9062250855599598,0,0,0.210642409886931,0,0,1.010766511328941,0
M-VGMDB-AR-15766,mimimemeMIMI,5.233053434196752,1.48941221181318,0,0.3404669792411433,0,0,0,0,0,0,1.1489452325720368,0,0,0,0
M-VGMDB-AL-94913,My pace!!,4.833333333333333,0.75,0,0,0,0,0,0,0,0,0.75,0,0,0,0
M-VGMDB-AL-95369-1,Hello / How are you,5,1,0,0,0,0.25,0,0,0,0,0.7500000000000001,0,0,0,0
M-VGMDB-AL-59914,Do Re Mi Fa PARTY,4.65519415572595,0.4827912335889253,0,0.10779123358892526,0,0,0,0,0,0,0.375,0,0,0,0
F-VGMDB-3370,Yamada-kun to 7-nin no Majo,5.651472387845731,2.3680920144760345,0,0.30000000000000004,0,0,0,0,0,0,1.0680920144760342,0,0,1,0
M-VGMDB-AR-26898,Kito Akari,6.70774946397163,4.090849249560281,0,0.27959148784844207,0,0,0,1.5387194314637196,0,0,2.4989239001632697,0,0,0,0
M-VGMDB-AR-29922,Nijigasaki High School Idol Club,5.593903926919092,2.247198246530093,0,0,0,0,0,0,0,0,2.247198246530093,0,0,0,0
F-VGMDB-7970,Lapis Re:LiGHTs,7.387328937521591,5.700000000000001,0,3.5000000000000004,0,0,0,0,0,0,1.2000000000000002,0,0,1,0
M-VGMDB-AR-4276,yuiko,7.113029573243001,4.850181653763062,0,0,0,0,2.9472957159553186,0,0,0,1.9028859378077438,0,0,0,0
M-VGMDB-AL-97601-1,"Truths, Ironies, The Secret Lyrics",4.5597007852793245,0.33955117791898715,0,0,0,0,0,0,0.2,0,0.30000000000000004,0,0,0,0
M-VGMDB-AL-100087,How To Fly,4.833333333333333,0.75,0,0,0,0,0,0,0,0,0.75,0,0,0,0
A-MAL-14813,Yahari Ore no Seishun Love Comedy wa Machigatteiru.,7.447064123249703,5.8850680802018305,0,2.2090777430546717,0,0.8880993653907423,2.8117066259517456,0,0,0,0.20373070675139227,0.6600838025950451,0,1,0
A-MAL-35839,Sora yori mo Tooi Basho,5.804021432551683,2.688445008358534,0,0,0,1.5,0,2.8,0,0,0.3310165820433753,0,0,-1,0
M-VGMDB-AL-24725,Puella Magi Madoka Magica Special CD 2 Original Soundtrack I,4.833333333333333,0.75,0,0,0,0,0,0,0,0,0.75,0,0,0,0
M-VGMDB-AL-61217-1,Heart wo Rock!!,5.523809523809524,2.0999999999999996,0,0,0,0,0,0,0,0,2.0999999999999996,0,0,0,0
M-VGMDB-AL-100082,Mirai Wanted,5.166666666666667,1.35,0,0,0,0,0,0,0,0,1.35,0,0,0,0
F-VGMDB-5678,Just Because!,7.161387057300662,5,0,0,0,0,2.5,0,0,0,1.5,0,0,1,0
M-VGMDB-AL-61982-1,Hanate! Dododon!,5.238095238095238,1.5,0,0,0,0,0,0,0,0,1.5,0,0,0,0
M-VGMDB-AL-77471,CheerS,5.104761904761905,1.2200000000000002,0,0.019999999999999997,0,0,0,0,0,0,1.2000000000000002,0,0,0,0
M-VGMDB-AR-15998,Ozawa Ari,5.565625040007041,2.1878125840147864,0,0.16718507624410547,0,0,0,0,0,0,2.020627507770681,0,0,0,0
A-MAL-41169,Love Live! Superstar!!,5.50507485317446,2.060657191666367,0.18758393053424868,1.5884350032096284,0.1789064437915201,0.9567982150184224,0.13290729463053472,0.2858035546907177,0,0.015,0.35910118691517384,0,0,-0.37080186405270765,0
M-VGMDB-AL-51278-1,Tabiji Yoiyoi Yume Hanabi,4.933333333333334,0.8999999999999999,0,0,0,0,0,0,0,0,0.8999999999999999,0,0,0,0
M-VGMDB-AL-70716,over and over,5.238095238095238,1.5,0,0,0,0,0,0,0,0,1.5,0,0,0,0
M-VGMDB-AR-13211,Taneda Risa,4.485122661021416,0.22768399153212326,0,0,0,0,0,0,0,0,0.2276839915321233,0,0,0,0
M-VGMDB-AL-89431,Signal,5.523809523809524,2.0999999999999996,0,0,0,0,0,0,0,0,2.0999999999999996,0,0,0,0
M-VGMDB-AL-114186,Ashita no Hanatachi,5.023809523809524,1.0499999999999998,0,0.14999999999999997,0,0,0,0,0,0,0.8999999999999999,0,0,0,0
A-MAL-48916,Love Live! Nijigasaki Gakuen School Idol Doukoukai 2nd Season,6.787807120837613,4.202929969172658,-0.3305452921524787,2.8117527383817342,-0.3421152744761168,1.2755659337877305,0.17720972617404634,0.3810714062542904,0,0,0.4787962717348198,0,0,0.9222641812630564,0
M-VGMDB-AL-104673,Re:STAGE! CONCEPT MINI ALBUM: Chain of Dream,6.094536195194533,3.232350673272346,0,0,0,0,0,0,0,0,3.232350673272346,0,0,0,0
M-VGMDB-AL-78575-1,Natsu no Yakusoku,4.633333333333333,0.4499999999999999,0,0,0,0,0,0,0,0,0.4499999999999999,0,0,0,0
M-VGMDB-AR-26886,WEAVER,5.1317862724544225,1.2767511721542872,0,0.2837224827009528,0,0,0,0,0,0,0.9930286894533344,0,0,0,0
M-VGMDB-AL-75344-4,Ohayou Japonika,5.238095238095238,1.5,0,0,0,0,0,0,0,0,1.5,0,0,0,0
F-VGMDB-8954,Kobayashi-san Chi no Maid Dragon,6.576238541355341,3.906733957897477,0,1.5002917051944007,0,0,0,0,0,0,1.4064422527030764,0,0,1,0
M-VGMDB-AL-75344-3,SILENT VOICES,5.309523809523809,1.6500000000000001,0,0,0,0,0,0,0,0,1.6500000000000001,0,0,0,0
M-VGMDB-AL-75344-5,Sayonara Hanabi,4.533333333333333,0.30000000000000004,0,0,0,0,0,0,0,0,0.30000000000000004,0,0,0,0
A-MAL-35608,Chuunibyou demo Koi ga Shitai! Movie: Take On Me,5.714285714285714,2.5,0,1.5,0,0,0,0,0,0,0,0,0,1,0
F-VGMDB-6418,Shichisei no Subaru,6.570580306665215,3.8988124293313007,0,0.3,0,0,2.1,0,0,0,0.75,0,0,1,0
M-VGMDB-AL-75344-2,Romance no Ringo,5.523809523809524,2.0999999999999996,0,0,0,0,0,0,0,0,2.0999999999999996,0,0,0,0
M-VGMDB-AL-75344-1,Junjou -SAKURA-,5.3809523809523805,1.7999999999999998,0,0,0,0,0,0,0,0,1.7999999999999998,0,0,0,0
M-VGMDB-AL-53719-1,Unhappy End World,5.238095238095238,1.5,0,0,0,0,0,0,0,0,1.5,0,0,0,0
A-MAL-42587,Yuuki Yuuna wa Yuusha de Aru: Dai Mankai no Shou,6.295949261188229,3.51432896566352,0.037516786106849734,1.0148126957107586,0.930460858621236,0.19133489006815957,1.5265814589261069,0.05716071093814355,0,0,0.18703287112530922,0,0,1.0258396271894585,0
M-VGMDB-AL-78530,KiRaRhythm,6.8574318968620265,4.300404655606837,0,0.3252795341332192,0,0,0,1.5909902576697321,0,0,2.6426119847357485,0,0,0,0
M-VGMDB-AL-121168-1,Clematis,5.3809523809523805,1.7999999999999998,0,0,0,0,0,0,0,0,1.7999999999999998,0,0,0,0
M-VGMDB-AL-78532,Akogare Future Sign,5.73882885921148,2.5515406043441065,0,0,0,0,0,1.5909902576697321,0,0,0.9605503466743743,0,0,0,0
A-MAL-21881,Sword Art Online II,5,1,0,0,0,0,0,0,0,0,0,0,0,1,0
M-VGMDB-AL-78534,Remembers!,5.752909795013461,2.581110569528269,0,0.3252795341332192,0,0,0,0,0,0,2.2558310353950497,0,0,0,0
M-VGMDB-AL-78520-2,Dear My Friend,5.095238095238095,1.2000000000000002,0,0,0,0,0,0,0,0,1.2000000000000002,0,0,0,0
M-VGMDB-AL-116297-1,Bokura no Neiro,4.833333333333333,0.75,0,0,0,0,0,0,0,0,0.75,0,0,0,0
M-VGMDB-AL-78536,Startin' My Re:STAGE!!,4.533333333333333,0.30000000000000004,0,0,0,0,0,0,0,0,0.30000000000000004,0,0,0,0
M-VGMDB-AL-78520-1,Purple Rays,4.933333333333334,0.8999999999999999,0,0,0,0,0,0,0,0,0.8999999999999999,0,0,0,0
M-VGMDB-AL-111089,Live Beyond!!,5.166666666666667,1.35,0,0,0,0,0,0,0,0,1.35,0,0,0,0
M-VGMDB-AL-104266,SHOW BY ROCK!! STARS!! INSERT SONG MINI ALBUM Vol.1,5.621386298545129,2.3049112269447716,0,0,0,0,0,0,0,0,2.3049112269447716,0,0,0,0
M-VGMDB-AR-6876,Hayami Saori,5.265217477801734,1.5569567033836405,0,0.13374806099528438,0,0,0,0,0,0,1.423208642388356,0,0,0,0
M-VGMDB-AL-104267,SHOW BY ROCK!! STARS!! INSERT SONG MINI ALBUM Vol.2,5.48556190671743,2.0196800041066028,0,0,0,0,0,0,0,0,2.0196800041066028,0,0,0,0
M-VGMDB-AL-91985,Utsuroi,5.616666666666667,2.2950000000000004,0,0.34500000000000003,0,0,0,0,0,0,1.9500000000000004,0,0,0,0
M-VGMDB-AL-22848,Gohan wa Okazu/U&I,4.533333333333333,0.30000000000000004,0,0,0,0,0,0,0,0,0.30000000000000004,0,0,0,0
M-VGMDB-AL-64249,THE IDOLM@STER CINDERELLA MASTER EVERMORE,5.095238095238095,1.2000000000000002,0,0,0,0,0,0,0,0,1.2000000000000002,0,0,0,0
F-VGMDB-3554,Charlotte,7.161387057300662,5,0,0,0,0,4,0,0,0,0,0,0,1,0
F-VGMDB-2588,Love Live!,10,15.817721240254587,0.704125796009043,6.469609769851178,-0.3776608770618879,2.8756338669745123,6.159250325568657,0.5043096521791589,0.0028372248270095274,0.015,5.0855094621884795,0,0,0.6722641812630564,0
M-VGMDB-AL-61981-3,Close to you (Cyan ver.),5.190476190476191,1.4,0,0,0,0.5,0,0,0,0,0.8999999999999999,0,0,0,0
M-VGMDB-AL-59371-3,CANDY MAGIC ~Piano Live Version~,4.373333333333333,0.05999999999999999,0,0,0,0,0,0,0,0,0.06,0,0,0,0
M-VGMDB-AL-39170,Puella Magi Madoka Magica Special CD 5 Drama CD 'Farewell Story',4.633333333333333,0.4499999999999999,0,0,0,0,0,0,0,0,0.4499999999999999,0,0,0,0
M-VGMDB-AL-61981-1,My Resolution ~Mirai e no Kizuna~,5.238095238095238,1.5,0,0,0,0,0,0,0,0,1.5,0,0,0,0
M-VGMDB-AL-82983-5,Ano ne,4.583333333333333,0.375,0,0,0,0,0,0,0,0,0.375,0,0,0,0
F-VGMDB-3559,THE IDOLM@STER,7.1042296068309625,4.822918109340031,0,1.5680510428355714,0,0,1.2,0,0,0,1.712781201776619,0,0,1,0
M-VGMDB-AL-93299-2,Endmark ni kibou to namida o soete ~Irodorimidori arrange~,5.095238095238095,1.2000000000000002,0,0,0,0,0,0,0,0,1.2000000000000002,0,0,0,0
M-VGMDB-AL-59371-1,hare bare fanfare,5.266666666666667,1.56,0,0.36,0,0,0,0,0,0,1.2000000000000002,0,0,0,0
M-VGMDB-AL-78520,Purple Rays,5.193543929858608,1.4064422527030764,0,0,0,0,0,0,0,0,1.4064422527030764,0,0,0,0
M-VGMDB-AL-85172-1,FIRE BIRD,5.023809523809524,1.0499999999999998,0,0,0,0,0,0,0,0,1.0499999999999998,0,0,0,0
M-VGMDB-AL-78764,367Days,5.364034111419515,1.764471633980981,0,0.26447163398098095,0,0,0,0,0,0,1.5,0,0,0,0
M-VGMDB-AR-12225,xi,5.782128971954519,2.6424708411044895,0.6414098392053468,1.015953966573556,0,0,0.5131278713642774,0,0,0,1.2041719375491218,0,0,0,0
M-VGMDB-AL-78532-1,Akogare Future Sign,5.70999536079511,2.490990257669732,0,0,0,0,0,1.5909902576697321,0,0,0.8999999999999999,0,0,0,0
M-VGMDB-AL-105612-1,Mot Mot Mot,5.238095238095238,1.5,0,0,0,0,0,0,0,0,1.5,0,0,0,0
M-VGMDB-AL-85172,FIRE BIRD,5.023809523809524,1.0499999999999998,0,0,0,0,0,0,0,0,1.0499999999999998,0,0,0,0
M-VGMDB-AR-37385,Liella!,4.333333333333333,0,0,0,0,0,0,0,0,0,0,0,0,0,0
A-MAL-34973,Love Live! Sunshine!! 2nd Season,6.410750729840832,3.6750510217771657,0.04689598263356217,2.1586247790624125,0.04472661094788003,0.23916861258519942,0.03322682365763368,0.07145088867267943,0,0,0.44143567002405765,0,0,1.032299533986823,0
M-VGMDB-AL-57564-1,Prima Stella,5.333333333333333,1.7,0,0,0,0,0.19999999999999998,0,0,0,1.5,0,0,0,0
M-VGMDB-AL-69821,Egao no Kimi e,5.023809523809524,1.0499999999999998,0,0,0,0,0,0,0,0,1.0499999999999998,0,0,0,0
M-VGMDB-AL-20118-2,Kira Kira Days,4.927907494233651,0.8918612413504764,0,0.14186124135047637,0,0,0,0,0,0,0.75,0,0,0,0
A-MAL-23847,Yahari Ore no Seishun Love Comedy wa Machigatteiru. Zoku,8.181404036208864,7.960802585573569,0,2.0437660638493313,0,1.0976294630744332,5.243100550446325,0,0,0,0.2790340193808849,0.596453046575288,0,1,0
M-VGMDB-AL-51394,Everyday World,6.224538587505671,3.4143540225079394,0,0,0,0,2.3643540225079396,0,0,0,1.0499999999999998,0,0,0,0
M-VGMDB-AL-51276,Seishun wa Non-Stop!,6.457902987808651,3.7410641829321114,0,0.075,0,0.10000000000000002,2.2493653007613963,0,0,0,1.4795293856301401,0,0,0,0
M-VGMDB-AL-82369-8,DESERT BLACK FLOWER,5.595238095238095,2.25,0,0,0,0,0,0,0,0,2.25,0,0,0,0
M-VGMDB-AL-51278,Tabiji Yoiyoi Yume Hanabi,4.933333333333334,0.8999999999999999,0,0,0,0,0,0,0,0,0.8999999999999999,0,0,0,0
M-VGMDB-AL-113295-1,Careless,5.3809523809523805,1.7999999999999998,0,0,0,0,0,0,0,0,1.7999999999999998,0,0,0,0
M-VGMDB-AL-78515,Raise Your Fist,5.309523809523809,1.6500000000000001,0,0,0,0,0,0,0,0,1.6500000000000001,0,0,0,0
M-VGMDB-AL-78516,SENSEI Sensation,4.9399999999999995,0.9099999999999999,0,0.009999999999999998,0,0,0,0,0,0,0.8999999999999999,0,0,0,0
M-VGMDB-AL-54307,Dear Brave,5.333333333333333,1.7,0,0,0,0,0.19999999999999998,0,0,0,1.5,0,0,0,0
M-VGMDB-AL-86315-3-3,Nyumber One! Zettai Saikyou!,5.523809523809524,2.0999999999999996,0,0,0,0,0,0,0,0,2.0999999999999996,0,0,0,0
M-VGMDB-AL-82369-1,InFiction,5.238095238095238,1.5,0,0,0,0,0,0,0,0,1.5,0,0,0,0
A-MAL-34822,Tsuki ga Kirei,6.107142857142857,3.25,0,0,0,0,2.25,0,0,0,0,0,0,1,0
M-VGMDB-AL-43320,Stories That Last Through The Sleepless Nights,5.787871303940629,2.654529738275322,0.6414098392053468,0.12828196784106935,0,0,0.5131278713642774,0,0.2027302204078668,0,1.7515949230380612,0,0,0,0
A-MAL-30344,The iDOLM@STER Cinderella Girls 2nd Season,5.200213432203265,1.4204482076268572,0,0.42044820762685725,0,0,0,0,0,0,0,0,0,1,0
M-VGMDB-AR-26614,kemu,7.4909612823185565,6.021067706823293,0,0,0,0,3.914961581698235,0,0,0,2.106106125125058,0,0,0,0
A-MAL-33731,Gabriel DropOut,5.386057187087724,1.8107200928842206,0,0.8107200928842208,0,0,0,0,0,0,0,0,0,1,0
M-VGMDB-AL-44890,Daydream café,4.573333333333333,0.36,0,0,0,0,0,0,0,0,0.36,0,0,0,0
M-VGMDB-AL-21146-9,Tenshi ni Fureta yo!,4.433333333333334,0.14999999999999997,0,0,0,0,0,0,0,0,0.15,0,0,0,0
A-MAL-11981,Mahou Shoujo Madoka★Magica Movie 3: Hangyaku no Monogatari,5.9037743530604025,2.8979261414268453,0,1.513669465878842,0,0,0,0,0,0,0.384256675548003,0,0,1,0
M-VGMDB-AL-106577-1,Cherry Bomb,5.095238095238095,1.2,0,0.3,0,0,0,0,0,0,0.8999999999999999,0,0,0,0
A-MAL-32526,Love Live! Sunshine!!,6.344674737281705,3.582544632194388,0.04689598263356217,2.1586247790624125,0.04472661094788003,0.23916861258519942,0.03322682365763368,0.07145088867267943,0,0,0.3489292804412795,0,0,1.032299533986823,0
M-VGMDB-AL-106577-6,Harumodoki,5.071428571428571,1.15,0,0.24999999999999997,0,0,0,0,0,0,0.9,0,0,0,0
M-VGMDB-AL-102281-1,Dream with You,5.141682219904007,1.2975326617984144,0,0.5,0,0.7940615517305145,0,0,0,0,0.30000000000000004,0,0,0,0
A-MAL-16067,Nagi no Asu kara,7.433864034975507,5.844172333990891,0,1.418760162547386,0,1.3577223804672995,3.6626284459506286,0,0,0,0.3677085517475878,0,0,1,0
M-VGMDB-AL-55364-3,Shinsaku no Shiawase wa Kochira!,4.933333333333334,0.8999999999999999,0,0,0,0,0,0,0,0,0.8999999999999999,0,0,0,0
M-VGMDB-AL-114186-2,U・D・N,5.023809523809524,1.0499999999999998,0,0.14999999999999997,0,0,0,0,0,0,0.8999999999999999,0,0,0,0
M-VGMDB-AL-96290,Diamond no Jundo,4.933333333333334,0.8999999999999999,0,0,0,0,0,0,0,0,0.8999999999999999,0,0,0,0
M-VGMDB-AL-73544-1,"Koko kara, Koko kara",5.238095238095238,1.5,0,0,0,0,0,0,0,0,1.5,0,0,0,0
M-VGMDB-AL-73544-2,One Step,5.0476190476190474,1.0999999999999999,0,0.19999999999999998,0,0,0,0,0,0,0.8999999999999999,0,0,0,0
M-VGMDB-AL-113295,Magia Record: Puella Magi Madoka☆Magica Side Story 2nd SEASON -Kakusei Zenya- Theme Song Collection,5.3809523809523805,1.7999999999999998,0,0,0,0,0,0,0,0,1.7999999999999998,0,0,0,0
M-VGMDB-AL-47403-1,Hoshikuzu no Interlude,4.933333333333334,0.8999999999999999,0,0,0,0,0,0,0,0,0.8999999999999999,0,0,0,0
M-VGMDB-AL-34411-11,Irony,4.883333333333333,0.825,0,0,0,0,0.3,0,0,0,0.5249999999999999,0,0,0,0
M-VGMDB-AL-81504-1,KIZUNA MUSIC♪,6.218328906093335,3.4056604685306686,0,1.9056604685306684,0,0,0,0,0,0,1.5,0,0,0,0
A-MAL-5680,K-On!,5.4858655130052325,2.0203175773109887,0,1.185273346106967,0,0.7952707287670506,0,0,0,0,0,0,0,0.5,0
F-VGMDB-3345,Shigatsu wa Kimi no Uso,9.200431526680141,10.29376138101399,0,0,0,0,6.498772382629276,4,0,0,1.1875571196956047,0,0,1,0
F-VGMDB-6852,Seishun Buta Yarou Series,4.533333333333333,0.30000000000000004,0,1,0,0,0,0,0,0,0.30000000000000004,0,0,-1,0
M-VGMDB-AL-43164-1,Mitsuba no Musubime,4.483333333333333,0.22499999999999992,0,0,0,0,0,0,0,0,0.22499999999999995,0,0,0,0
M-VGMDB-AL-96288,Megumi no Ame,4.933333333333334,0.8999999999999999,0,0,0,0,0,0,0,0,0.8999999999999999,0,0,0,0
M-VGMDB-AR-31509,SILENT SIREN,4.993333333333333,0.9899999999999999,0,0.05999999999999999,0,0,0,0,0,0,0.9299999999999999,0,0,0,0
M-VGMDB-AR-9553,cosMo@Bousou-P,5.138095238095238,1.2899999999999998,0,0,0,0,0,0,0,0,1.2899999999999998,0,0,0,0
M-VGMDB-AR-9797,Yuki Aoi,5.003250069142157,1.0068251451985295,0,0.23858121863011514,0,0,0,0,0,0,0.7682439265684143,0,0,0,0
A-MAL-18671,Chuunibyou demo Koi ga Shitai! Ren,7.146881646262588,4.955060178676375,0,1.992876672877049,0,0,3,0,0,0,0.12000000000000001,0,0,1,0
M-VGMDB-AL-48199-1,M♭,4.766666666666667,0.6500000000000001,0,0.049999999999999996,0,0,0,0,0,0,0.6000000000000001,0,0,0,0
A-MAL-16498,Shingeki no Kyojin,4.850042313282573,0.7750634699238603,0,-0.22493653007613962,0,0,0,0,0,0,0,0,0,1,0
M-VGMDB-AL-51254,Stella-rium,5.285714285714286,1.6,0,0,0,0.10000000000000002,0,0,0,0,1.5,0,0,0,0
M-VGMDB-AL-86592,FLARE,4.537333333333334,0.30600000000000005,0,0.005999999999999998,0,0,0,0,0,0,0.30000000000000004,0,0,0,0
A-MAL-21845,Ushinawareta Mirai wo Motomete,5.556835055568426,2.1693536166936944,0,0.4835564693205938,0,0,1,0,0,0,0,0,0,1,0
M-VGMDB-AL-39170-2,and I'm home,4.633333333333333,0.4499999999999999,0,0,0,0,0,0,0,0,0.4499999999999999,0,0,0,0
M-VGMDB-AL-104957-1,"700,000,000,000,000,000,000,000 no Sora de",5.095238095238095,1.2000000000000002,0,0,0,0,0,0,0,0,1.2000000000000002,0,0,0,0
M-VGMDB-AL-43320-4,"Wandering, Never Wondering (There Exists A Shade)",4.833333333333333,0.75,0,0,0,0,0,0,0,0,0.75,0,0,0,0
A-MAL-49291,Magia Record: Mahou Shoujo Madoka☆Magica Gaiden (TV) Final Season - Asaki Yume no Akatsuki,7.14319681123566,4.943644036983972,0.17585993487585816,1.090130706211755,0.1677247910545501,1.1704660829910507,2.5868546608851,0.2679408325225479,0,0,0.4600068710549711,0,0,1.1211232524505865,0
M-VGMDB-AR-16233,Toda Megumi,5.169847625418784,1.3566800133794459,0,0.2854927696801018,0,0,0,0,0,0,1.0711872436993441,0,0,0,0
M-VGMDB-AL-43320-7,From Under Cover (Caught Up In A Love Song),4.933333333333334,0.8999999999999999,0,0,0,0,0,0,0,0,0.8999999999999999,0,0,0,0
M-VGMDB-AL-43320-8,Storytellers,5.666545771573599,2.3997461203045587,0.6414098392053468,0.12828196784106935,0,0,0.5131278713642774,0,0,0,1.5,0,0,0,0
M-VGMDB-AL-51706-1,Meikyuu DESTINY,5.238095238095238,1.5,0,0,0,0,0,0,0,0,1.5,0,0,0,0
F-VGMDB-2662,Nagi no Asu kara,7.937232091156744,7.40367798642827,0,1.418760162547386,0,1.3577223804672995,3.6626284459506286,0,0,0,1.927214204184966,0,0,1,0
M-VGMDB-AL-51706-2,Ryuusei Dreamline,4.783333333333333,0.675,0,0,0,0,0,0,0,0,0.675,0,0,0,0
M-VGMDB-AR-10934,Kayano Ai,4.74315469723471,0.6147320458520644,0,0.04728708045015879,0,0,0,0,0,0,0.5674449654019056,0,0,0,0
A-MAL-16001,Kokoro Connect: Michi Random,6.9119154638250215,4.37668164935503,0,1.9881768219176266,0,0.14142135623730953,2.438599604235772,0,0,0,0,0,0,1,0
M-VGMDB-AL-70622-1,Yuuki wa Doko ni? Kimi no Mune ni!,5.3809523809523805,1.7999999999999998,0,0,0,0,0,0,0,0,1.7999999999999998,0,0,0,0
L-MAL-90810,Nogi Wakaba wa Yuusha de Aru,7.078151044096585,4.742123022142321,0.037516786106849734,1.3960576874320323,1.825140428484168,0.19133489006815957,2.326581458926107,0.05716071093814355,0,0,0.07181944076022295,0,0,1.0258396271894585,0
M-VGMDB-AR-15137,"Wake Up, Girls!",5.5837832381040355,2.2259448000184747,0,0.021472309676710367,0,0,0,0,0,0,2.2044724903417645,0,0,0,0
M-VGMDB-AL-49046,Shigatsu wa Kimi no Uso ORIGINAL SONG & SOUNDTRACK,6.990233497591315,4.4863268966278405,0,0,0,0,3.298769776932236,0,0,0,1.1875571196956047,0,0,0,0
M-VGMDB-AL-52993-1,Friend Shitai,5.071428571428571,1.15,0,0.24999999999999997,0,0,0,0,0,0,0.8999999999999999,0,0,0,0
M-VGMDB-AL-93440-2,Kimi no Rhapsody,4.533333333333333,0.30000000000000004,0,0,0,0,0,0,0,0,0.30000000000000004,0,0,0,0
M-VGMDB-AL-48199,M♭,4.766666666666667,0.6500000000000001,0,0.049999999999999996,0,0,0,0,0,0,0.6000000000000001,0,0,0,0
M-VGMDB-AL-93440-3,Masshiro Start Line,6.119833537833121,3.267766952966369,0,0,0,0,0,1.7677669529663689,0,0,1.5,0,0,0,0
M-VGMDB-AR-32295,765 MILLION ALLSTARS,5.127282740982979,1.2672937560642554,0,0.274265066610921,0,0,0,0,0,0,0.9930286894533344,0,0,0,0
M-VGMDB-AL-30302,Puella Magi Madoka Magica Special CD 1 Drama CD 'Memories of you',4.733333333333333,0.6000000000000001,0,0,0,0,0,0,0,0,0.6000000000000001,0,0,0,0
M-VGMDB-AL-93440-1,Hiromenes,5.5748127529459754,2.2071067811865475,0,0,0,0.7071067811865476,0,0,0,0,1.5,0,0,0,0
M-VGMDB-AL-54418,Gochuumon wa Mahou Shoujo desu ka? Image Song: Mahou Shoujo Chino,4.733333333333333,0.6000000000000001,0,0,0,0,0,0,0,0,0.6000000000000001,0,0,0,0
M-VGMDB-AL-47402-1,Stargazer,4.933333333333334,0.8999999999999999,0,0,0,0,0,0,0,0,0.8999999999999999,0,0,0,0
M-VGMDB-AR-15380,Takahashi Rie,5.309582375584198,1.650122988726817,0,0.16718507624410547,0,0,0,0,0,0,1.4829379124827116,0,0,0,0
M-VGMDB-AL-51394-3,Everyday World -Ballade Arrange- Yui Solo Ver.,6.105210898945956,3.2472952585243395,0,0,0,0,2.3643540225079396,0,0,0,0.8829412360164001,0,0,0,0
M-VGMDB-AR-17551,Saito Shuka,5.064233300382767,1.1348899308038112,0,0,0,0,0,0,0,0,1.1348899308038112,0,0,0,0
M-VGMDB-AL-118562-1,Taikakusen wo Tsunaideyo,5.238095238095238,1.5,0,0,0,0,0,0,0,0,1.5,0,0,0,0
M-VGMDB-AL-42762,VOICE,4.8,0.7000000000000001,0,0.09999999999999999,0,0,0,0,0,0,0.6000000000000001,0,0,0,0
M-VGMDB-AL-75349,Hop Step Jump!,5.3809523809523805,1.7999999999999998,0,0,0,0,0,0,0,0,1.7999999999999998,0,0,0,0
M-VGMDB-AL-75344,Tsuioku Kaleidoscope,6.006244722237025,3.1087426111318357,0,0,0,0,0,0,0,0,3.1087426111318357,0,0,0,0
M-VGMDB-AR-16469,TrySail,5.957154912104626,3.010025315419713,0,0.12774113218710914,0,0,0,0,0,0,2.882284183232604,0,0,0,0
M-VGMDB-AL-80802,TOKIMEKI Runners,5.11001709718952,1.231035904097991,0,0,0,0,0,0,0,0,1.231035904097991,0,0,0,0
M-VGMDB-AL-74133,CiRCLiNG,5.3809523809523805,1.7999999999999998,0,0,0,0,0,0,0,0,1.7999999999999998,0,0,0,0
M-VGMDB-AL-120844-1,Chiguhagu Melody,4.733333333333333,0.6000000000000001,0,0,0,0,0,0,0,0,0.6000000000000001,0,0,0,0
M-VGMDB-AL-51394-1,Everyday World,4.921960824010934,0.8829412360164001,0,0,0,0,0,0,0,0,0.8829412360164001,0,0,0,0
M-VGMDB-AR-8482,Foreground Eclipse,5.787871303940629,2.654529738275322,0.6414098392053468,0.12828196784106935,0,0,0.5131278713642774,0,0.2027302204078668,0,1.7515949230380612,0,0,0,0
M-VGMDB-AL-104267-5,EMPIRE DOMINATOR,4.833333333333333,0.75,0,0,0,0,0,0,0,0,0.75,0,0,0,0
F-VGMDB-4615,Kimi no Na wa,5.801666412348913,2.6834994659327176,0,0.9334994659327176,0,0,0,0,0,0,0,0,0,1,0.75
M-VGMDB-AR-25291,KANA-BOON,5.264285714285714,1.5550000000000002,0,0.055,0,0,0,0,0,0,1.5000000000000002,0,0,0,0
M-VGMDB-AL-36547-1,Bokura wa Ima no Naka de,4.933333333333334,0.8999999999999999,0,0,0,0,0,0,0,0,0.8999999999999999,0,0,0,0
M-VGMDB-AR-15121,Yonezu Kenshi,4.618963010043378,0.42844451506506687,0,0,0,0,0,0,0,0,0.42844451506506687,0,0,0,0
M-VGMDB-AL-104267-8,Anokanatarium,5.4523809523809526,1.9500000000000004,0,0,0,0,0,0,0,0,1.9500000000000004,0,0,0,0
M-VGMDB-AR-15120,keeno,5.394369461971092,1.828175870139293,0,0,0,0.22493653007613967,0.46631540914924896,0,0,0,1.2831951784483493,0,0,0,0
A-MAL-43735,Cue!,6.8484957479415405,4.287894047118157,0.058756955078498256,1.3700489247126564,0.055908537427244796,2.4697854108443127,0.04987323035037688,0.3315819754668528,0,0,0.45586088462343705,0,0,0.7903744174835289,0
M-VGMDB-AR-15361,Minase Inori,5.306831278469351,1.6443456847856384,0,0.20036709970924566,0,0,0,0,0,0,1.4439785850763927,0,0,0,0
M-VGMDB-AL-54418-1,Mahou Shoujo Chino,4.733333333333333,0.6000000000000001,0,0,0,0,0,0,0,0,0.6000000000000001,0,0,0,0
A-MAL-50273,Tomodachi Game,6.3445241904775065,3.5823338666685096,0.035171986975171626,2.7180261412423508,0.033544958210910025,0.17937645943889957,0.024920117743225258,0.05358816650450957,0,0,0.06733072571270901,0,0,0.7742246504901173,0
M-VGMDB-AL-95118-2,Yume wo Uchinuku Shunkan ni!,4.98706182992451,0.9805927448867655,0,0.08059274488676564,0,0,0,0,0,0,0.8999999999999999,0,0,0,0
A-MAL-7791,K-On!!,5.516359174804419,2.0843542670892803,0,1.185273346106967,0,0.7952707287670506,0,0,0,0,0.06403668977829163,0,0,0.5,0
M-VGMDB-AR-25289,Koyama Hidekazu,6.5365134261679545,3.851118796635136,0,0,0,0.2708800473622521,1.9222016690646235,0,0,0,1.8852342691065185,0,0,0,0
A-MAL-32729,Orange,6.107142857142857,3.25,0,0,0,0,2.25,0,0,0,0,0,0,1,0
M-VGMDB-AR-29640,Onishi Aguri,5.504849150586091,2.0601832162307914,0,0,0,0,0,0,0,0,2.0601832162307914,0,0,0,0
M-VGMDB-AL-49446-1,Colorful.,4.833333333333333,0.75,0,0,0,0,0,0,0,0,0.75,0,0,0,0
M-VGMDB-AR-15119,Scop,6.24576236009202,3.4440673041288288,0,0,0,0.21405853067191416,1.9066750427261896,0,0,0,1.5076569093887542,0,0,0,0
A-MAL-40356,Tate no Yuusha no Nariagari Season 2,4.03627336656372,-0.44558995015441916,0.04689598263356218,0.29070152165646795,0.04472661094788004,0.2391686125851995,0.033226823657633686,0.07145088867267944,0,0,0.08977430095027872,0,0,-0.9677004660131769,0
M-VGMDB-AL-68276-1,One In A Billion,5.393809523809524,1.8269999999999997,0,0.026999999999999996,0,0,0,0,0,0,1.7999999999999998,0,0,0,0
M-VGMDB-AL-49423-1,Good Night Everyone,5.285714285714286,1.6,0,0,0,0,0.4,0,0,0,1.2000000000000002,0,0,0,0
M-VGMDB-AL-114102,SELECTION PROJECT Main Theme Song CD,5.238095238095238,1.5,0,0,0,0,0,0,0,0,1.5,0,0,0,0
M-VGMDB-AL-93441-1,Yell and Response,4.733333333333333,0.6000000000000001,0,0,0,0,0,0,0,0,0.6000000000000001,0,0,0,0
A-MAL-15051,Love Live! School Idol Project,6.206344468893348,3.3888822564506875,-0.20578832063188485,2.4779161735759017,-0.20723456842233964,0.15944574172346632,0.022151215771755793,0.0476339257817863,0,0,0.18450498568870247,0,0,1.021533022657882,0
A-MAL-36098,Kimi no Suizou wo Tabetai,6,3.1,0,0,0,0,2.1,0,0,0,0,0,0,1,0
M-VGMDB-AL-104957,"700,000,000,000,000,000,000,000 no Sora de",5.095238095238095,1.2000000000000002,0,0,0,0,0,0,0,0,1.2000000000000002,0,0,0,0
M-VGMDB-AR-15350,M·A·O,5.22473612102348,1.471945854149309,0,0.5425553013383628,0,0,0,0,0,0,0.9293905528109461,0,0,0,0
M-VGMDB-AL-49423-8,decide,5.0476190476190474,1.1,0,0,0,0,0.5,0,0,0,0.6000000000000001,0,0,0,0
M-VGMDB-AL-47678-1,Aurora Days,4.483333333333333,0.22499999999999992,0,0,0,0,0,0,0,0,0.22499999999999995,0,0,0,0
A-MAL-31765,Sword Art Online Movie: Ordinal Scale,5,1,0,0,0,0,0,0,0,0,0,0,0,1,0
A-MAL-50265,Spy x Family,4.590683416409302,0.38602512461395233,0.11723995658390544,0.7267538041411699,0.11181652736970009,0.5979215314629986,0.08306705914408422,0.17862722168169862,0,0,0.2244357523756968,0,0,-0.9192511650329422,0
A-MAL-50267,Irodorimidori,5,1,0,0,0,0,0,0,0,0,0,0,0,1,0
M-VGMDB-AL-42762-1,VOICE,4.8,0.7000000000000001,0,0.09999999999999999,0,0,0,0,0,0,0.6000000000000001,0,0,0,0
F-VGMDB-2330,Chuunibyou demo Koi ga Shitai!,7.5327046015043,6.150394431914934,0,3.0042804328796198,0,0,3,0,0,0,0.6000000000000001,0,0,1,0
M-VGMDB-AL-97692,LoveLive! Sunshine!! Watanabe You First Solo Concert ALBUM ~Beginner's Sailing~,5.095238095238095,1.2000000000000002,0,0,0,0,0,0,0,0,1.2000000000000002,0,0,0,0
A-MAL-34914,New Game!!,7.02529880246791,4.578379279265186,0,1.8941657168920907,0,0,0,0,0,0,0.27,0,1.4142135623730951,1,0
M-VGMDB-AL-120845-1,Sin City,5.023809523809524,1.0499999999999998,0,0,0,0,0,0,0,0,1.0499999999999998,0,0,0,0
M-VGMDB-AL-91187-35,Endmark ni kibou to namida o soete,5.138095238095238,1.2899999999999998,0,0,0,0,0,0,0,0,1.2899999999999998,0,0,0,0
F-VGMDB-3305,Saenai Heroine no Sodatekata,7.454664972166304,5.908616588501477,0,3.599877171074781,0,1.3577223804672995,0,0,0,0,0.8988560950411539,0,0,1,0
M-VGMDB-AL-104266-6,Kyukyukyun♡Heart Shaker,5.238095238095238,1.5,0,0,0,0,0,0,0,0,1.5,0,0,0,0
M-VGMDB-AL-121168,Clematis,5.3809523809523805,1.7999999999999998,0,0,0,0,0,0,0,0,1.7999999999999998,0,0,0,0
M-VGMDB-AL-51516-1,Harumodoki,4.986666666666666,0.98,0,0.04999999999999999,0,0,0,0,0,0,0.93,0,0,0,0
M-VGMDB-AR-13289,Uchida Maaya,4.485122661021416,0.22768399153212326,0,0,0,0,0,0,0,0,0.2276839915321233,0,0,0,0
M-VGMDB-AL-104266-3,Do! It! Happy Daibouken!,5.4523809523809526,1.9500000000000004,0,0,0,0,0,0,0,0,1.9500000000000004,0,0,0,0
A-MAL-41530,Magia Record: Mahou Shoujo Madoka★Magica Gaiden (TV) 2nd Season,5.833033211958009,2.749369745111818,0,0.4812390551980577,0,1.003110457464633,0,0,0,0.5,0.36,0,0,1,0
M-VGMDB-AL-104783,Awakening Promise/Yume ga Koko kara Hajimaru yo,4.583333333333333,0.375,0,0,0,0,0,0,0,0,0.375,0,0,0,0
M-VGMDB-AL-115724,Start Line/Hajimari no Kanenone ga Narihibiku Sora,5.637356600322164,2.3384488606765435,0,0,0,0,0,0,0,0,2.3384488606765435,0,0,0,0
A-MAL-28677,Yamada-kun to 7-nin no Majo,5.101723048997718,1.2136184028952068,0,0,0,0,0,0,0,0,0.21361840289520684,0,0,1,0
M-VGMDB-AL-95029,Gomakashi,5.4523809523809526,1.9500000000000004,0,0,0,0,0,0,0,0,1.9500000000000004,0,0,0,0
M-VGMDB-AL-35015-1,Kimi ga Yume wo Tsuretekita,4.783333333333333,0.675,0,0,0,0,0,0,0,0,0.675,0,0,0,0
M-VGMDB-AL-110219-1,Ai no Supreme!,5.129014581273923,1.2709306206752384,0,0.07093062067523818,0,0,0,0,0,0,1.2000000000000002,0,0,0,0
A-MAL-38009,Re:Stage! Dream Days♪,9.512347746131967,11.377564860415239,1.563199421118739,4.750207923331977,1.4908870315960008,3.986078589004829,2.209543645659344,4.493738678159784,0,0,0.6852688362827514,0,0,1.0766511328941026,0
M-VGMDB-AL-58627-1,Now Loading!!!!,5.119047619047619,1.2499999999999998,0,0.19999999999999998,0,0,0,0,0,0,1.0499999999999998,0,0,0,0
M-VGMDB-AL-78378-1,"Thank you, FRIENDS!!",5.309523809523809,1.6500000000000001,0,0,0,0,0,0,0,0,1.6500000000000001,0,0,0,0
A-MAL-9617,K-On! Movie,5.370843748903541,1.7787718726974353,0,0.961536727694796,0,0.668740304976422,0,0,0,0,0.029999999999999992,0,0,0.5,0
A-MAL-38256,Magia Record: Mahou Shoujo Madoka★Magica Gaiden (TV),6.94443139625574,4.422203954758036,0,2.382875200789225,0,1.5612729613126026,0,0,0,0,0.3900000000000001,0,0,1,0
M-VGMDB-AL-80802-10,Dokipipo☆Emotion,4.933333333333334,0.8999999999999999,0,0,0,0,0,0,0,0,0.8999999999999999,0,0,0,0
M-VGMDB-AL-46042-1,Tachiagare!,5.3809523809523805,1.7999999999999998,0,0,0,0,0,0,0,0,1.7999999999999998,0,0,0,0
M-VGMDB-AL-104418,Good Day by Day,4.833333333333333,0.75,0,0,0,0,0,0,0,0,0.75,0,0,0,0
M-VGMDB-AL-49046-18,Yuujin A-kun wo Watashi no Bansousha ni Ninmeishimasu,6.214285714285714,3.4,0,0,0,0,2.5,0,0,0,0.8999999999999999,0,0,0,0
M-VGMDB-AL-104341-2,Hoshizora Light Story,4.833333333333333,0.75,0,0,0,0,0,0,0,0,0.75,0,0,0,0
M-VGMDB-AL-104341-1,Do Re Mi Fa STARS!!,5.238095238095238,1.5,0,0,0,0,0,0,0,0,1.5,0,0,0,0
M-VGMDB-AL-114399-8,Silhouette,5.369047619047619,1.775,0,0.275,0,0,0,0,0,0,1.5,0,0,0,0
M-VGMDB-AL-42961,Arumachi no Hakuchumu,5.770380862194957,2.6177998106094087,0,0,0,0.5800578267569563,0,0,0.1,0,2.0373070675139227,0,0,0,0
M-VGMDB-AL-100087-1,How To Fly,4.833333333333333,0.75,0,0,0,0,0,0,0,0,0.75,0,0,0,0
M-VGMDB-AL-120842-1,Unison Monologue,4.933333333333334,0.8999999999999999,0,0,0,0,0,0,0,0,0.8999999999999999,0,0,0,0
A-MAL-30419,"Wake Up, Girls! Beyond the Bottom",5.088001595213584,1.1848033499485269,0.015631994211187394,0.09690050721882264,0.014908870315960013,0.07972287086173317,0.011075607885877895,0.02381696289089315,0,0,0.029924766983426235,0,0,1.010766511328941,0
F-VGMDB-2633,Sword Art Online,5.142857142857143,1.3,0,0,0,0,0,0,0,0,0.30000000000000004,0,0,1,0
M-VGMDB-AL-96288-1,Megumi no Ame,4.933333333333334,0.8999999999999999,0,0,0,0,0,0,0,0,0.8999999999999999,0,0,0,0
M-VGMDB-AL-82743-1,Y.O.L.O,5.190476190476191,1.4,0,0.35,0,0,0,0,0,0,1.0499999999999998,0,0,0,0
A-MAL-37497,Iroduku Sekai no Ashita kara,6.321428571428571,3.55,0,0.24622540721689742,0,0,2.2160286649520766,0,0,0,0.30000000000000004,0,0,1,0
M-VGMDB-AL-76155-2,Asuiro Koi Moyou,6.1474375851478795,3.306412619207031,0,0.9064126192070304,0,0,0,0,0,0,2.4000000000000004,0,0,0,0
M-VGMDB-AL-105612,Mot Mot Mot,5.238095238095238,1.5,0,0,0,0,0,0,0,0,1.5,0,0,0,0
M-VGMDB-AL-95369,Bambino,5,1,0,0,0,0.25,0,0,0,0,0.7500000000000001,0,0,0,0
A-MAL-31952,Kono Bijutsubu ni wa Mondai ga Aru!,5,1,0,0,0,0,0,0,0,0,0,0,0,1,0
A-MAL-31953,New Game!,7.005932355591831,4.518379279265186,0,1.8941657168920907,0,0,0,0,0,0,0.20999999999999996,0,1.4142135623730951,1,0
F-VGMDB-2645,"Wake Up, Girls!",7.3356002889926675,5.539737307953534,0.0411592610177598,0.29900128940553145,0.040766492867256615,0.21799249557244477,1.3344166784156724,1.3789469461499368,0,0,2.3748504918281745,0,0,1.0269162783223527,0
A-MAL-9756,Mahou Shoujo Madoka★Magica,7.466840195881495,5.946337158907905,0,2.1406518875958973,0,0,3.89338686656135,0,0,0,0.24555259712960614,0,0,1,0
A-MAL-37141,Hataraku Saibou,3.48,-0.76,0,0,0,0,0,0,0,0,0.24000000000000002,0,0,-1,0
M-VGMDB-AL-51276-2,Close to you,5.085714285714285,1.18,0,0,0,0.10000000000000002,0,0,0,0,1.0799999999999998,0,0,0,0
M-VGMDB-AL-84229,HAPPY TYPHOON,4.573028292010974,0.3595424380164616,0,0,0,0,0,0,0,0,0.3595424380164616,0,0,0,0
M-VGMDB-AL-51276-1,Seishun wa Non-Stop!,5.088095238095238,1.1849999999999998,0,0.075,0,0,0,0,0,0,1.1099999999999999,0,0,0,0
F-VGMDB-5919,"Uchiage Hanabi, Shita kara Miru ka? Yoko kara Miru ka?",6.428571428571429,3.7,0,0,0,0,2.1,0,0,0,0.6000000000000001,0,0,1,0
M-VGMDB-AL-63666,harumachi clover,5.172380952380952,1.362,0,0.552,0,0,0,0,0,0,0.81,0,0,0,0
V-VNDB-27448,ATRI -My Dear Moments-,5.8551261581809255,2.795764932179943,0,0.9750666683564637,0,0,2.645507643744106,0,0,0,0.36,0,0,-0.5,0
A-MAL-41520,Show by Rock!! Stars!!,7.976041313673051,7.523914463768596,1.0937919652671244,2.868971514256051,0.08945322189576006,1.1968631094266848,4.5047315355866475,0.1429017773453589,0,0,0.5587594737025443,0,0,1.0645990679736461,-0.25
M-VGMDB-AL-93299,GO!GO! Chunithm♥Endmark,5.095238095238095,1.2000000000000002,0,0,0,0,0,0,0,0,1.2000000000000002,0,0,0,0
M-VGMDB-AR-27779,Kusunoki Tomori,5.610038887027593,2.281081662757945,0,0.14186124135047637,0,0,0,0,0,0,2.1392204214074684,0,0,0,0
M-VGMDB-AL-95118,Initial/Yume wo Uchinuku Shunkan ni!,4.98706182992451,0.9805927448867655,0,0.08059274488676564,0,0,0,0,0,0,0.8999999999999999,0,0,0,0
A-MAL-37027,Love Live! Sunshine!! The School Idol Movie: Over the Rainbow,5.982917787378241,3.064127353494306,0.04689598263356217,1.8955717248188515,0.04472661094788003,0.23916861258519942,0.03322682365763368,0.07145088867267943,0,0,0.08977430095027869,0,0,1.032299533986823,0
F-VGMDB-2894,Sora no Method,7.393723257602623,5.719810510793068,0,0.4255837240514291,0,0,3.4695911518355187,0,0,0,1.1875571196956047,0,0,1,0
M-VGMDB-AL-69147-11,Kakawari,5.3809523809523805,1.7999999999999998,0,0,0,0,0,0,0,0,1.7999999999999998,0,0,0,0
M-VGMDB-AL-109271-48,"Watashitachi, Shiki o Asobun Desu!!",5.666666666666667,2.4000000000000004,0,0,0,0,0,0,0,0,2.4000000000000004,0,0,0,0
M-VGMDB-AL-34051-1,Snow halation,4.927907494233651,0.8918612413504764,0,0.14186124135047637,0,0,0,0,0,0,0.75,0,0,0,0
M-VGMDB-AL-61217,Heart wo Rock!!,5.523809523809524,2.0999999999999996,0,0,0,0,0,0,0,0,2.0999999999999996,0,0,0,0
A-MAL-12175,Koi to Senkyo to Chocolate,6.142857142857142,3.3,0,2.3,0,0,0,0,0,0,0,0,0,1,0
A-MAL-40763,Show By Rock!! Mashumairesh!!,7.588162321503935,6.322210316432605,0.09379196526712436,2.8124711612731383,0.08945322189576006,2.125320017991662,0.12998500565484924,2.469413925100608,0,0,0.4490420679409579,0,0,1.0645990679736461,0
A-MAL-28999,Charlotte,7.161387057300662,5,0,0,0,0,4,0,0,0,0,0,0,1,0
A-MAL-36266,Mahou Shoujo Site,6.007354537333406,3.1102963522667677,0,0,0,0,3.1102963522667677,0,0,0,0,0,0,0,0
M-VGMDB-AL-42961-6,Mary Mary (album ver.),5.333333333333333,1.7000000000000002,0,0,0,0.5,0,0,0,0,1.2000000000000002,0,0,0,0
M-VGMDB-AL-42961-9,World on Color,5.571428571428571,2.1999999999999997,0,0,0,0.4,0,0,0,0,1.7999999999999998,0,0,0,0
M-VGMDB-AL-35431-1,Kimochi Signal,4.633333333333333,0.4499999999999999,0,0,0,0,0,0,0,0,0.4499999999999999,0,0,0,0
M-VGMDB-AL-112929-2,Break The System,5.3809523809523805,1.7999999999999998,0,0,0,0,0,0,0,0,1.7999999999999998,0,0,0,0
M-VGMDB-AL-53719,SCHOOL-LIVE! Character Song 4 / Miki Naoki (CV. Rie Takahashi) & Kurumi Ebisuzawa (CV. Ari Ozawa),5.238095238095238,1.5,0,0,0,0,0,0,0,0,1.5,0,0,0,0
M-VGMDB-AL-49446,Colorful.,4.833333333333333,0.75,0,0,0,0,0,0,0,0,0.75,0,0,0,0
M-VGMDB-AL-60358-1,STAR BEAT! ~Hoshi no Kodou~,5.095238095238095,1.2000000000000002,0,0,0,0,0,0,0,0,1.2000000000000002,0,0,0,0
M-VGMDB-AL-102276-1,Nijiiro Passions!,4.933333333333334,0.8999999999999999,0,0,0,0,0,0,0,0,0.8999999999999999,0,0,0,0
A-MAL-30727,Saenai Heroine no Sodatekata ♭,6.902606827750764,4.36364955885107,0,3.018371765038713,0,1.1417038826446921,0,0,0,0,0,0,0,1,0
A-MAL-48363,RPG Fudousan,4.128675041537984,-0.30698743769302383,0.05861997829195272,0.36337690207058493,0.055908263684850044,0.2989607657314993,0.04153352957204211,0.08931361084084931,0,0,0.11221787618784838,0,0,-0.9596255825164711,0
M-VGMDB-AL-63666-1,harumachi clover,5.172380952380952,1.362,0,0.552,0,0,0,0,0,0,0.81,0,0,0,0
M-VGMDB-AL-33537-1,crossing field,4.533333333333333,0.30000000000000004,0,0,0,0,0,0,0,0,0.30000000000000004,0,0,0,0
M-VGMDB-AL-99272-7,LIKE IT! LOVE IT!,5.380952380952381,1.8,0,0.14999999999999997,0,0,0,0,0,0,1.6500000000000001,0,0,0,0
M-VGMDB-AL-59914-1,Do Re Mi Fa PARTY,4.65519415572595,0.4827912335889253,0,0.10779123358892526,0,0,0,0,0,0,0.375,0,0,0,0
M-VGMDB-AL-78515-1,Canaria,5.309523809523809,1.6500000000000001,0,0,0,0,0,0,0,0,1.6500000000000001,0,0,0,0
M-VGMDB-AL-86622,"Re:STAGE! DREAM DAYS♪ SONG SERIES 1: Don't think, smile!!",5.0088826351223625,1.0186535337569613,0,0,0,0,0,0,0,0,1.0186535337569613,0,0,0,0
M-VGMDB-AL-52993,Friend Shitai,5.071428571428571,1.15,0,0.24999999999999997,0,0,0,0,0,0,0.8999999999999999,0,0,0,0
M-VGMDB-AL-50721-1,Silhouette,5.264285714285714,1.5550000000000002,0,0.055,0,0,0,0,0,0,1.5000000000000002,0,0,0,0
M-VGMDB-AL-99272-1,Say Good-Bye Namida,4.833333333333333,0.75,0,0,0,0,0,0,0,0,0.75,0,0,0,0
M-VGMDB-AL-99272-3,Yagate Hitotsu no Monogatari,4.833333333333333,0.75,0,0,0,0,0,0,0,0,0.75,0,0,0,0
F-VGMDB-7040,Sora yori mo Tooi Basho,6.664843960188797,4.0307815442643165,0,0.19999999999999998,0,1.5,0,2.8,0,0,1.6550829102168765,0,0,-1,0
M-VGMDB-AR-17153,Aqours,5.840481897818043,2.7650119854178903,0,0,0,0,0,0,0,0,2.7650119854178903,0,0,0,0
M-VGMDB-AL-75504,Music S.T.A.R.T!!,5.095238095238095,1.2000000000000002,0,0,0,0,0,0,0,0,1.2000000000000002,0,0,0,0
O-1,VMO 2022 Era,5.749966057184897,2.574928720088285,0,2.574928720088285,0,0,0,0,0,0,0,0,0,0,0
M-VGMDB-AL-111089-5,Koko kara Saki wa Uta ni Naranai,5.166666666666667,1.35,0,0,0,0,0,0,0,0,1.35,0,0,0,0
A-MAL-36038,Net-juu no Susume,5,1,0,0,0,0,0,0,0,0,0,0,0,1,0
F-VGMDB-7166,Tate no Yuusha no Nariagari,5.344709956739592,1.7238909091531431,1.0468959826335622,1.0000077284088498,0.04472661094788004,0.2391686125851995,0.033226823657633686,0.07145088867267944,0,0,0.08977430095027872,0,0,0.03229953398682309,0
A-MAL-39547,Yahari Ore no Seishun Love Comedy wa Machigatteiru. Kan,6.597262556565202,3.9361675791912827,0,0.7994710466640464,0,0,2.4,0,0,0,0.23753797629725124,0,0,1.075,0
M-VGMDB-AL-71404-2,MIRACLE WAVE,4.933333333333334,0.8999999999999999,0,0,0,0,0,0,0,0,0.8999999999999999,0,0,0,0
M-VGMDB-AR-29251,Iwahashi Yuka,6.472440405577923,3.761416567809092,0,0.2644213035813775,0,0,0,1.45523099091695,0,0,2.2558665264574187,0,0,0,0
M-VGMDB-AL-58147,Aozora Jumping Heart,5.238095238095238,1.5,0,0,0,0,0,0,0,0,1.5,0,0,0,0
A-MAL-37450,Seishun Buta Yarou wa Bunny Girl Senpai no Yume wo Minai,4.373333333333333,0.06000000000000005,0,1,0,0,0,0,0,0,0.06,0,0,-1,0
M-VGMDB-AL-54307-1,Dear Brave,5.333333333333333,1.7,0,0,0,0,0.19999999999999998,0,0,0,1.5,0,0,0,0
GF-VGMDB-7059,Re:Stage! Prism Step,7.112125800029999,4.847381636128075,0.07875302149923298,2.7483071367049723,0.0064406319764947284,0.7090075656743129,0.609666509319904,1.5533146471690014,0,0,1.161450952348489,0,0,0.07665113289410254,0
M-VGMDB-AL-87198-10,Love U my friends,4.933333333333334,0.8999999999999999,0,0,0,0,0,0,0,0,0.8999999999999999,0,0,0,0
M-VGMDB-AL-24725-4,Credens justitiam,4.833333333333333,0.75,0,0,0,0,0,0,0,0,0.75,0,0,0,0
F-VGMDB-6083,Arifureta Shokugyou de Sekaisaikyou,5.381042223643121,1.8001886696505531,0.5,0.005999999999999998,0,0,0,0,0,0,0.30000000000000004,0,0,1,0
M-VGMDB-AL-51516,Harumodoki,4.986666666666666,0.98,0,0.04999999999999999,0,0,0,0,0,0,0.93,0,0,0,0
M-VGMDB-AR-18231,Yamaguchi Megumi,5.169847625418784,1.3566800133794459,0,0.2854927696801018,0,0,0,0,0,0,1.0711872436993441,0,0,0,0
A-MAL-27441,Show by Rock!!,7.79911960719176,6.975785916658134,0.09379196526712436,3.121765882776172,0.08945322189576006,1.3047593394819548,3.699452481732934,0.1429017773453589,0,0,0.4084447785851491,0,0,1.0645990679736461,0
M-VGMDB-AL-44890-1,Daydream café,4.573333333333333,0.36,0,0,0,0,0,0,0,0,0.36,0,0,0,0
F-VGMDB-7059,Re:STAGE!,10,16.90288314581506,1.563199421118739,4.845025360941132,1.4908870315960008,3.986143543086657,2.2151215771755792,4.763392578178629,0,0,5.984953396685247,0,0,1.0766511328941026,0
M-VGMDB-AR-29249,Makino Amane,6.880150175524352,4.3322102457340925,0,1.0403994867277166,0,0,0,1.5387194314637196,0,0,2.353347144525352,0,0,0,0
M-VGMDB-AL-37130,Sukinano.,7.926975216762197,7.371900734379371,0,0,0,0.49503653239690476,4.043931630258765,0,0,0.1,3.2549615608854183,0,0,0,0
M-VGMDB-AR-11952,LiSA,4.522481655133968,0.2837224827009528,0,0,0,0,0,0,0,0,0.2837224827009528,0,0,0,0
M-VGMDB-AL-69821-1,Egao no Kimi e,5.023809523809524,1.0499999999999998,0,0,0,0,0,0,0,0,1.0499999999999998,0,0,0,0
M-VGMDB-AL-100754,ATRI -My Dear Moments- Original Soundtrack,5.3809523809523805,1.7999999999999998,0,0,0,0,0,0,0,0,1.7999999999999998,0,0,0,0
M-VGMDB-AL-60358,STAR BEAT! ~Hoshi no Kodou~,5.095238095238095,1.2000000000000002,0,0,0,0,0,0,0,0,1.2000000000000002,0,0,0,0
M-VGMDB-AL-63624,Tokimeki Experience!,5.391567861087172,1.8222925082830606,0,0,0,0,0,0,0,0,1.8222925082830606,0,0,0,0
M-VGMDB-AL-82369,Q.E.D.,5.736492302091621,2.5466338343924035,0,0,0,0,0,0,0,0,2.5466338343924035,0,0,0,0
F-VGMDB-3939,Gochuumon wa Usagi Desu ka?,5.7848850806696115,2.648258669406184,0,0.6,0,0,0,0,0,0,1.0482586694061842,0,0,1,0
A-MAL-37587,Lapis Re:LiGHTs,7.077465787504318,4.74,0,3.5000000000000004,0,0,0,0,0,0,0.24000000000000002,0,0,1,0
M-VGMDB-AL-86592-1,FLARE,4.537333333333334,0.30600000000000005,0,0.005999999999999998,0,0,0,0,0,0,0.30000000000000004,0,0,0,0
M-VGMDB-AL-53945,THE IDOLM@STER LIVE THE@TER DREAMERS 01 Dreaming!,5.214285714285714,1.4499999999999997,0,0.4,0,0,0,0,0,0,1.0499999999999998,0,0,0,0
A-MAL-40879,Love Live! Nijigasaki Gakuen School Idol Doukoukai,8.677884493424955,8.953360194019309,0.6373418940487575,3.738459142850475,-0.4435459466293998,1.6149960568251047,6.018676686191656,0.07284555998886007,0.0028372248270095274,0,0.4206388101813615,0,0,1.032299533986823,0
M-VGMDB-AR-16166,Inagawa Eri,6.580120020859171,3.9121680292028405,0,0.2169039359546423,0,0.31622776601683794,1.4226235280311383,0,0,0,2.38530401857938,0,0,0,0
M-VGMDB-AL-73544,"Koko kara, Koko kara",5.4071823381985125,1.8550829102168764,0,0.19999999999999998,0,0,0,0,0,0,1.6550829102168765,0,0,0,0
A-MAL-12189,Hyouka,5.285714285714286,1.6,0,0.6,0,0,0,0,0,0,0,0,0,1,0
M-VGMDB-AR-11958,Sawai Miku,5.037015541174198,1.0777326364658162,0,0,0,0,0,0,0,0,1.0777326364658162,0,0,0,0
M-VGMDB-AL-59371,hare bare fanfare,5.295238095238095,1.62,0,0.36,0,0,0,0,0,0,1.2600000000000002,0,0,0,0
M-VGMDB-AL-42945,7 Girls War,5.023809523809524,1.0499999999999998,0,0,0,0,0,0,0,0,1.0499999999999998,0,0,0,0
M-VGMDB-AL-78253-1,THE IDOLM@STER MILLION THE@TER GENERATION 11 UNION!!,5.161904761904762,1.3399999999999999,0,0.29000000000000004,0,0,0,0,0,0,1.0499999999999998,0,0,0,0
M-VGMDB-AL-53945-1,THE IDOLM@STER LIVE THE@TER DREAMERS 01 Dreaming!,5.214285714285714,1.4499999999999997,0,0.4,0,0,0,0,0,0,1.0499999999999998,0,0,0,0
M-VGMDB-AL-41278-1,lull ~Soshite Bokura wa~,4.483333333333333,0.22499999999999992,0,0,0,0,0,0,0,0,0.22499999999999995,0,0,0,0
A-MAL-34284,Yuuki Yuuna wa Yuusha de Aru: Washio Sumi no Shou,6.124606038254975,3.274448453556965,0.037516786106849734,0.981837771249689,1.0997405988868767,0.19133489006815957,1.0265814589261069,0.05716071093814355,0,0,0.21563182801298297,0,0,1.0258396271894585,0
M-VGMDB-AL-87199-1,Mitaiken HORIZON,5.166666666666667,1.35,0,0,0,0,0,0,0,0,1.35,0,0,0,0
G-VGMDB-5237,Magia Record: Mahou Shoujo Madoka★Magica Gaiden,8.43536054042727,8.468509297514803,0,2.519583761679691,0,1.5612729613126026,6.784691974794862,0,0,0,0.6070061873446109,0,0,0,0
A-MAL-34280,Gamers!,5,1,0,0,0,0,0,0,0,0,0,0,0,1,0
M-VGMDB-AL-69257,Uchiage Hanabi,4.733333333333333,0.6000000000000001,0,0,0,0,0,0,0,0,0.6000000000000001,0,0,0,0
F-VGMDB-5173,BanG Dream!,8.15667297186197,7.911360546666111,0.05098735152390061,3.2549697254692176,-0.03548367573035199,0.25839936909201683,2.4407470674476666,0.0029138223995544034,0.00022697798616076221,0,3.493191567260445,0,0,0.08258396271894586,0
M-VGMDB-AL-91187,CHUNITHM ALL JUSTICE COLLECTION ep.I,5.138095238095238,1.2899999999999998,0,0,0,0,0,0,0,0,1.2899999999999998,0,0,0,0
M-VGMDB-AL-97601,"Truths, Ironies, The Secret Lyrics",4.5597007852793245,0.33955117791898715,0,0,0,0,0,0,0.2,0,0.30000000000000004,0,0,0,0
M-VGMDB-AL-73516,one,4.883333333333333,0.825,0,0,0,0,0.3,0,0,0,0.5249999999999999,0,0,0,0
A-MAL-38524,Shingeki no Kyojin Season 3 Part 2,6.1250453356599,3.2750634699238605,0,2.2750634699238605,0,0,0,0,0,0,0,0,0,1,0
M-VGMDB-AR-11829,ClariS,5.886623549030196,2.86190945296341,0,0.018914832180063512,0,0,0,0,0,0,2.8429946207833465,0,0,0,0
M-VGMDB-AL-93532-1,A song for You! You? You!!,5.238095238095238,1.5,0,0,0,0,0,0,0,0,1.5,0,0,0,0
M-VGMDB-AL-62516,Aozora no Rhapsody,4.933333333333334,0.8999999999999999,0,0,0,0,0,0,0,0,0.8999999999999999,0,0,0,0
M-VGMDB-AL-34269,Parousia,5.782128971954519,2.6424708411044895,0.6414098392053468,1.015953966573556,0,0,0.5131278713642774,0,0,0,1.2041719375491218,0,0,0,0
M-VGMDB-AL-64249-1,THE IDOLM@STER CINDERELLA MASTER EVERMORE,5.095238095238095,1.2000000000000002,0,0,0,0,0,0,0,0,1.2000000000000002,0,0,0,0
M-VGMDB-AL-84229-1,HAPPY TYPHOON,4.493333333333333,0.23999999999999994,0,0,0,0,0,0,0,0,0.23999999999999996,0,0,0,0
M-VGMDB-AL-84229-2,Stereo Life,4.533333333333333,0.30000000000000004,0,0,0,0,0,0,0,0,0.30000000000000004,0,0,0,0
M-VGMDB-AL-23391,Connect,4.933333333333334,0.8999999999999999,0,0,0,0,0,0,0,0,0.8999999999999999,0,0,0,0
M-VGMDB-AL-52834,FOUR RHYTHM ACROSS THE BLUE VOCAL & SOUND COLLECTION,5.666666666666667,2.4000000000000004,0,0,0,0,0,0,0,0,2.4000000000000004,0,0,0,0
M-1,Asterisk,5.456757808982651,1.9591913988635672,0,0.31533615572014295,0,0,0,0,0,0,1.6438552431434243,0,0,0,0
M-VGMDB-AL-69147,TAILWIND,5.3809523809523805,1.7999999999999998,0,0,0,0,0,0,0,0,1.7999999999999998,0,0,0,0
M-5,Magibeat,4.921960824010934,0.8829412360164001,0,0,0,0,0,0,0,0,0.8829412360164001,0,0,0,0
M-VGMDB-AR-18205,Takeo Ayumi,5.169847625418784,1.3566800133794459,0,0.2854927696801018,0,0,0,0,0,0,1.0711872436993441,0,0,0,0
M-7,Colorful - Magibeat Remix,5.023809523809524,1.0499999999999998,0,0,0,0,0,0,0,0,1.0499999999999998,0,0,0,0
F-VGMDB-9540,CUE!,7.576246169083383,6.28529238565222,0.058756955078498256,1.3700489247126564,0.055908537427244796,2.4697854108443127,0.04987323035037688,0.3315819754668528,0,0,2.4532592231575,0,0,0.7903744174835289,0
M-6,tamame,5.348018007634287,1.7308378160320013,0,0,0,0,0,0,0,0,1.7308378160320013,0,0,0,0
M-VGMDB-AL-68225-1,STEP by STEP UP↑↑↑↑,5.357142857142857,1.75,0,0.4,0,0,0,0,0,0,1.35,0,0,0,0
M-VGMDB-AL-89364-3,"Yes, We Are!!!",5.023809523809524,1.0499999999999998,0,0,0,0,0,0,0,0,1.0499999999999998,0,0,0,0
M-9,Petit Rabbit's,4.560311319494096,0.3404669792411433,0,0,0,0,0,0,0,0,0.3404669792411433,0,0,0,0
M-8,Colorful (tamame's apostate remix),5.4523809523809526,1.9500000000000004,0,0,0,0,0,0,0,0,1.9500000000000004,0,0,0,0
M-VGMDB-AL-34411-6,Interviewer,5.238095238095238,1.5000000000000002,0,0,0,0,0.3,0,0,0,1.2000000000000002,0,0,0,0
M-VGMDB-AL-75349-1,Hop Step Jump!,5.3809523809523805,1.7999999999999998,0,0,0,0,0,0,0,0,1.7999999999999998,0,0,0,0
A-MAL-13333,Tari Tari,7.319619429761348,5.490226338800822,0.09379196526712434,0.5814030433129358,0.08945322189576005,0.47833722517039884,4.066453647315267,0.14290177734535886,0,0,0.17954860190055738,0,0,1.0645990679736461,0
M-VGMDB-AR-18208,Takada Yuuki,5.514779851322406,2.0810376877770533,0,0.2854927696801018,0,0,0,0,0,0,1.7955449180969514,0,0,0,0
M-VGMDB-AL-30302-2,Mata Ashita,4.733333333333333,0.6000000000000001,0,0,0,0,0,0,0,0,0.6000000000000001,0,0,0,0
A-MAL-37890,Oshi ga Budoukan Ittekuretara Shinu,6.300689989667173,3.5209659855340423,0.03907998552796848,0.24225126804705657,0.037272175789900025,0.4753739268517664,0.027689019714694736,2.5441431545041344,0,0,0.07481191745856558,0,0,0.7769162783223525,0
F-VGMDB-1945,Mahou Shoujo Madoka☆Magica,10,15.712716281641327,0.17585993487585816,4.390867923322293,0.1677247910545501,2.8069060840637774,7.726354041501709,0.2679408325225479,0,0.5,4.409516312681037,0,0,1.1211232524505865,0
M-VGMDB-AL-58750-1,Kimeta yo Hand in Hand,5.023809523809524,1.0499999999999998,0,0,0,0,0,0,0,0,1.0499999999999998,0,0,0,0
M-VGMDB-AR-9455,Larval Stage Planning,4.900778298735239,0.8511674481028582,0,0,0,0,0,0,0,0,0.8511674481028582,0,0,0,0
M-VGMDB-AL-87198-7,MELODY,5.166666666666667,1.35,0,0,0,0,0,0,0,0,1.35,0,0,0,0
M-VGMDB-AL-46042,Tachiagare!,5.3809523809523805,1.7999999999999998,0,0,0,0,0,0,0,0,1.7999999999999998,0,0,0,0
M-VGMDB-AL-104783-1,Awakening Promise,4.583333333333333,0.375,0,0,0,0,0,0,0,0,0.375,0,0,0,0
M-VGMDB-AL-87198-1,Kaika Sengen,4.733333333333333,0.6000000000000001,0,0,0,0,0,0,0,0,0.6000000000000001,0,0,0,0
M-VGMDB-AR-17342,DAOKO,4.6911042097333,0.5366563145999497,0,0,0,0,0,0,0,0,0.5366563145999497,0,0,0,0
M-VGMDB-AL-45187,NAGI NO ASUKARA CHARACTER SONG 3,5.238095238095238,1.5,0,0,0,0,0,0,0,0,1.5,0,0,0,0
M-VGMDB-AL-34269-12,FREEDOM DiVE↓,5.092213207631449,1.1936477360260433,0,1.0136477360260434,0,0,0,0,0,0,0.17999999999999997,0,0,0,0
A-MAL-28851,Koe no Katachi,7.5068241047682704,6.070212981280345,0,3.0368167032871187,0,0,2.3,0,0,0,0,0,0,1,1
M-VGMDB-AL-49423,Good Hello,5.41903390107616,1.8799711922599354,0,0,0,0,0.5992373966941026,0,0,0,1.2807337955658329,0,0,0,0
M-VGMDB-AL-62516-1,Aozora no Rhapsody,4.933333333333334,0.8999999999999999,0,0,0,0,0,0,0,0,0.8999999999999999,0,0,0,0
M-VGMDB-AL-102277-1,"NEO SKY, NEO MAP!",5.4523809523809526,1.9500000000000004,0,0,0,0,0,0,0,0,1.9500000000000004,0,0,0,0
M-VGMDB-AR-29323,Maeda Kaori,5.159609327208451,1.3351795871377476,0,0,0,0,0,0,0,0,1.3351795871377476,0,0,0,0
M-VGMDB-AL-110219,Ai no Supreme!,5.129014581273923,1.2709306206752384,0,0.07093062067523818,0,0,0,0,0,0,1.2000000000000002,0,0,0,0
M-VGMDB-AL-78516-1,SENSEI Sensation,4.9399999999999995,0.9099999999999999,0,0.009999999999999998,0,0,0,0,0,0,0.8999999999999999,0,0,0,0
M-VGMDB-AL-35015,Kimi ga Yume wo Tsuretekita,4.783333333333333,0.675,0,0,0,0,0,0,0,0,0.675,0,0,0,0
A-MAL-23277,Saenai Heroine no Sodatekata,7.014015103128837,4.543420777859301,0,3.018371765038713,0,1.1417038826446921,0,0,0,0,0.1797712190082308,0,0,1,0
M-VGMDB-AL-100082-1,Mirai Wanted,5.166666666666667,1.35,0,0,0,0,0,0,0,0,1.35,0,0,0,0
A-MAL-35241,Konohana Kitan,4,-0.5,0,0,0,0,0,0,0,0,0,0,0,-0.5,0
A-MAL-34392,One Room,3.324,-0.8380000000000001,0,0,0,0,0,0,0,0,0.162,0,0,-1,0
M-VGMDB-AR-13097,Ray,5.084532404295232,1.1775180490199868,0,0,0,0,0,0,0,0,1.1775180490199868,0,0,0,0
M-VGMDB-AL-74133-2,Light Delight,5.3809523809523805,1.7999999999999998,0,0,0,0,0,0,0,0,1.7999999999999998,0,0,0,0
M-VGMDB-AL-68276,One In A Billion,5.393809523809524,1.8269999999999997,0,0.026999999999999996,0,0,0,0,0,0,1.7999999999999998,0,0,0,0
A-MAL-23273,Shigatsu wa Kimi no Uso,8.656385266191306,8.91037920401999,0,0,0,0,5.9923739669410265,4,0,0,0.23751142393912095,0,0,1,0
M-VGMDB-AL-89363-1,Kirameki Future,5.238095238095238,1.5,0,0,0,0,0,0,0,0,1.5,0,0,0,0
A-MAL-28841,"Wake Up, Girls! Seishun no Kage",5.088001595213584,1.1848033499485269,0.015631994211187394,0.09690050721882264,0.014908870315960013,0.07972287086173317,0.011075607885877895,0.02381696289089315,0,0,0.029924766983426235,0,0,1.010766511328941,0
M-VGMDB-AL-94913-1,My pace!!,4.833333333333333,0.75,0,0,0,0,0,0,0,0,0.75,0,0,0,0
M-VGMDB-AL-89363-2,OvertuRe:,6.956261534053137,4.438766147674392,0,0.3,0,0,0,1.9881768219176266,0,0,2.4000000000000004,0,0,0,0
M-VGMDB-AL-114102-1,Glorious Days,5.238095238095238,1.5,0,0,0,0,0,0,0,0,1.5,0,0,0,0
M-VGMDB-AL-34051,Snow halation,4.927907494233651,0.8918612413504764,0,0.14186124135047637,0,0,0,0,0,0,0.75,0,0,0,0
M-VGMDB-AL-104673-5,We Remember,5.023809523809524,1.0499999999999998,0,0,0,0,0,0,0,0,1.0499999999999998,0,0,0,0
M-VGMDB-AL-104673-2,Re:Rays,5.238095238095238,1.5,0,0,0,0,0,0,0,0,1.5,0,0,0,0
M-VGMDB-AL-104673-1,Bridge to Dream,5.523809523809524,2.0999999999999996,0,0,0,0,0,0,0,0,2.0999999999999996,0,0,0,0
F-VGMDB-2931,Shingeki no Kyojin,6.058494077495128,3.18189170849318,0,2.18189170849318,0,0,0,0,0,0,0,0,0,1,0
M-VGMDB-AL-104673-4,Pins&Needles,5.166666666666667,1.35,0,0,0,0,0,0,0,0,1.35,0,0,0,0
M-VGMDB-AL-42900,ebb and flow,5.123015704731912,1.258332979937014,0,0,0,0,0,0,0,0,1.258332979937014,0,0,0,0
M-VGMDB-AL-104673-3,Tomorrow Melodies,5.523809523809524,2.0999999999999996,0,0,0,0,0,0,0,0,2.0999999999999996,0,0,0,0
M-VGMDB-AL-75504-2,LOVELESS WORLD,5.095238095238095,1.2000000000000002,0,0,0,0,0,0,0,0,1.2000000000000002,0,0,0,0
M-VGMDB-AL-89290-6,Chikyuu Saigo no Kokuhaku o,6.673387974598079,4.04274316443731,0,0,0,0,2.7377431644373096,0,0,0,1.3049999999999997,0,0,0,0
M-VGMDB-AL-80253,Kimi no Sei,4.533333333333333,0.30000000000000004,0,0,0,0,0,0,0,0,0.30000000000000004,0,0,0,0
M-VGMDB-AL-115724-1,Start Line,5.595238095238095,2.25,0,0,0,0,0,0,0,0,2.25,0,0,0,0
M-VGMDB-AR-10253,Mimori Suzuko,5.087274672710312,1.1832768126916562,0,0.09486832980505136,0,0,0,0,0,0,1.0884084828866047,0,0,0,0
A-MAL-23587,The iDOLM@STER Cinderella Girls,5.200213432203265,1.4204482076268572,0,0.42044820762685725,0,0,0,0,0,0,0,0,0,1,0
A-MAL-34240,Shelter,7.839212697963446,7.1,0,0,0,0,4,0,0,0,1.35,0,0,1,0.75
M-VGMDB-AL-50721,Silhouette,5.264285714285714,1.5550000000000002,0,0.055,0,0,0,0,0,0,1.5000000000000002,0,0,0,0
M-VGMDB-AL-115724-2,Hajimari no Kanenone ga Narihibiku Sora,4.933333333333334,0.8999999999999999,0,0,0,0,0,0,0,0,0.8999999999999999,0,0,0,0
M-VGMDB-AL-116297,Bokura no Neiro,4.833333333333333,0.75,0,0,0,0,0,0,0,0,0.75,0,0,0,0
M-VGMDB-AL-93441,Yell and Response,4.733333333333333,0.6000000000000001,0,0,0,0,0,0,0,0,0.6000000000000001,0,0,0,0
M-VGMDB-AL-86622-2,Akogare Future Sign (Piano Strings Arrange),4.733333333333333,0.6000000000000001,0,0,0,0,0,0,0,0,0.6000000000000001,0,0,0,0
M-VGMDB-AR-26954,Tanaka Chiemi,5.195125675826166,1.4097639192349476,0,0,0,0,0,0,0,0,1.4097639192349476,0,0,0,0
M-VGMDB-AL-86622-1,"Don't think, smile!!",4.933333333333334,0.8999999999999999,0,0,0,0,0,0,0,0,0.8999999999999999,0,0,0,0
F-VGMDB-4043,Ao no Kanata no Four Rhythm,7.80989997386791,7.009185022064913,0,1.6253404524418673,0,3.0021517735438144,0.0026455076437441054,0,0,0,2.4003600000000005,0,0,0.999,0
A-MAL-10278,The iDOLM@STER,6.031878821714887,3.144630350400842,0,1.5,0,0,1.2,0,0,0,0.08999999999999998,0,0,1,0
F-VGMDB-4168,NEW GAME!,7.66174197238013,6.55017051382042,0,2.266579143987458,0,0,0,0,0,0,1.601798539325533,0,1.681792830507429,1,0
M-VGMDB-AL-93440,Hiromenes/Kimi no Rhapsody,6.625223114558878,3.9753123603824294,0,0,0,0.7071067811865476,0,1.7677669529663689,0,0,1.986324177886295,0,0,0,0
M-VGMDB-AL-63624-2,1000 kai Urunda Sora,5.3809523809523805,1.7999999999999998,0,0,0,0,0,0,0,0,1.7999999999999998,0,0,0,0
M-VGMDB-AL-63624-1,Tokimeki Experience!,4.633333333333333,0.4499999999999999,0,0,0,0,0,0,0,0,0.4499999999999999,0,0,0,0
A-MAL-25519,Yuuki Yuuna wa Yuusha de Aru,8.414912392127054,8.427629611559363,0.037516786106849734,1.5056152340695055,1.9277982230791617,4.191334890068159,4.382208191585012,0.05716071093814355,0,0,0.08002973844704354,0,0,1.0258396271894585,0
M-VGMDB-AL-78534-2,Kimi ni Okuru Angel Yell,5.748748085498601,2.5723709795470624,0,0.3223709795470626,0,0,0,0,0,0,2.25,0,0,0,0
M-VGMDB-AR-12665,Komatsu Mikako,5.199339244526078,1.4186124135047637,0,0,0,0,0,0,0,0,1.4186124135047637,0,0,0,0
M-VGMDB-AL-78534-1,Remembers!,4.5806204137834925,0.37093062067523824,0,0.07093062067523818,0,0,0,0,0,0,0.30000000000000004,0,0,0,0
A-MAL-48415,"Shijou Saikyou no Daimaou, Murabito A ni Tensei suru",3.554410049845581,-0.7227949750772096,0.02344799131678109,0.14535076082823395,0.02236330547394002,0.11958430629259975,0.016613411828816843,0.03572544433633972,0,0,0.04488715047513936,0,0,-0.9838502330065885,0
M-VGMDB-AL-61982,Hanate! Dododon!,5.238095238095238,1.5,0,0,0,0,0,0,0,0,1.5,0,0,0,0
M-VGMDB-AL-35431,"Kokoro Connect Original Soundtrack 2 Hito Random & Kizu Random Opening Theme Song ""Kimochi Signal"" / Kizu Random Ending Theme Song ""Cry out""",4.633333333333333,0.4499999999999999,0,0,0,0,0,0,0,0,0.4499999999999999,0,0,0,0
M-VGMDB-AL-61981,My Resolution ~Mirai e no Kizuna~,5.550039481055656,2.1550829102168763,0,0,0,0.5,0,0,0,0,1.6550829102168765,0,0,0,0
M-MAL-36631-6,Chikyuu Saigo no Kokuhaku wo,7.164641223917983,5.0100818698591745,0,0,0,0,3.735081869859175,0,0,0,1.275,0,0,0,0
M-VGMDB-AL-51706,Meikyuu DESTINY/Ryuusei Dreamline,5.275430688230889,1.5784044452848667,0,0,0,0,0,0,0,0,1.5784044452848667,0,0,0,0
M-VGMDB-AL-69257-1,Uchiage Hanabi,4.733333333333333,0.6000000000000001,0,0,0,0,0,0,0,0,0.6000000000000001,0,0,0,0
A-MAL-36316,Shichisei no Subaru,6.107142857142857,3.25,0,0,0,0,2.1,0,0,0,0.15,0,0,1,0
A-MAL-34498,"Uchiage Hanabi, Shita kara Miru ka? Yoko kara Miru ka?",6.085714285714285,3.22,0,0,0,0,2.1,0,0,0,0.12000000000000001,0,0,1,0
F-VGMDB-4296,TARI TARI,7.319619429761348,5.490226338800822,0.09379196526712434,0.5814030433129358,0.08945322189576005,0.47833722517039884,4.066453647315267,0.14290177734535886,0,0,0.17954860190055738,0,0,1.0645990679736461,0
A-MAL-21273,Gochuumon wa Usagi Desu ka?,5.285714285714286,1.6,0,0.6,0,0,0,0,0,0,0,0,0,1,0
A-MAL-14741,Chuunibyou demo Koi ga Shitai!,6.328707230576911,3.5601901228076756,0,2.5601901228076756,0,0,0,0,0,0,0,0,0,1,0
M-VGMDB-AL-99272-12,Just Believe!!!,5.095238095238095,1.2000000000000002,0,0,0,0,0,0,0,0,1.2000000000000002,0,0,0,0
M-VGMDB-AR-30564,Tono Hikaru,5.973882398715424,3.0451530373023896,0,0,0,0.447213595499958,0,1.118033988749895,0,0,1.7872064581331029,0,0,0,0
A-MAL-21189,"Wake Up, Girls! Shichinin no Idol",6.201848031328713,3.382587243860198,0.03907998552796848,0.24225126804705657,0.037272175789900025,0.1993071771543329,1.2556294931036098,1.2874828806161478,0,0,0.36281830125793063,0,0,1.0269162783223527,0
A-MAL-36882,Arifureta Shokugyou de Sekai Saikyou,5.266666666666667,1.56,0.5,0,0,0,0,0,0,0,0.06,0,0,1,0
A-MAL-35790,Tate no Yuusha no Nariagari,5.62279721857035,2.307874158997734,1,0.7093062067523819,0,0,0,0,0,0,0,0,0,1,0
M-VGMDB-AL-77471-1,CheerS,5.104761904761905,1.2200000000000002,0,0.019999999999999997,0,0,0,0,0,0,1.2000000000000002,0,0,0,0
A-MAL-32281,Kimi no Na wa,5.801666412348913,2.6834994659327176,0,0.9334994659327176,0,0,0,0,0,0,0,0,0,1,0.75
M-VGMDB-AR-5524,yanaginagi,5.443313251493459,1.9309578281362638,0,0.04999999999999999,0,0,0,0,0,0,1.8809578281362638,0,0,0,0
M-VGMDB-AL-51918,Kuchizuke Diamond,5.166666666666667,1.3499999999999999,0,0.30000000000000004,0,0,0,0,0,0,1.0499999999999998,0,0,0,0
A-MAL-36885,Saenai Heroine no Sodatekata Fine,5.238095238095238,1.5,0,0.5,0,0,0,0,0,0,0,0,0,1,0
M-VGMDB-AL-68225,STEP by STEP UP↑↑↑↑,5.357142857142857,1.75,0,0.4,0,0,0,0,0,0,1.35,0,0,0,0
M-VGMDB-AL-89290,three,6.673387974598079,4.04274316443731,0,0,0,0,2.7377431644373096,0,0,0,1.3049999999999997,0,0,0,0
V-VNDB-12849,Ao no Kanata no Four Rhythm,7.1900574761067775,5.088825025022615,0,1.6253404524418673,0,3.0021517735438144,0.0026455076437441054,0,0,0,0.48000000295770184,0,0,0.999,0
M-VGMDB-AL-61940-1,Schlehit Melodie,5.095238095238095,1.2000000000000002,0,0,0,0,0,0,0,0,1.2000000000000002,0,0,0,0
M-VGMDB-AL-36547,Bokura wa Ima no Naka de,4.933333333333334,0.8999999999999999,0,0,0,0,0,0,0,0,0.8999999999999999,0,0,0,0
M-VGMDB-AR-13857,fhána,5.307696647981785,1.646162960761748,0,0.07093062067523818,0,0,0,0,0,0,1.5752323400865098,0,0,0,0
M-VGMDB-AL-37999,Hello Alone,6.117395730362814,3.2643540225079395,0,0,0,0,2.3643540225079396,0,0,0,0.8999999999999999,0,0,0,0
M-VGMDB-AR-11436,Toyama Nao,6.591273118489452,3.9277823658852324,0,0,0,0,2.6591479484724942,0,0,0,1.2686344174127382,0,0,0,0
M-VGMDB-AL-80341,Seventeen,5.238095238095238,1.5,0,0,0,0,0,0,0,0,1.5,0,0,0,0
M-VGMDB-AL-78764-1,367Days,5.364034111419515,1.764471633980981,0,0.26447163398098095,0,0,0,0,0,0,1.5,0,0,0,0
M-VGMDB-AL-96290-1,Diamond no Jundo,4.933333333333334,0.8999999999999999,0,0,0,0,0,0,0,0,0.8999999999999999,0,0,0,0
A-MAL-25777,Shingeki no Kyojin Season 2,4.850042313282573,0.7750634699238603,0,-0.22493653007613962,0,0,0,0,0,0,0,0,0,1,0
M-VGMDB-AL-22848-2,U&I,4.533333333333333,0.30000000000000004,0,0,0,0,0,0,0,0,0.30000000000000004,0,0,0,0
M-VGMDB-AL-47678,Aurora Days,4.483333333333333,0.22499999999999992,0,0,0,0,0,0,0,0,0.22499999999999995,0,0,0,0
M-VGMDB-AL-93532,A song for You! You? You!!,5.238095238095238,1.5,0,0,0,0,0,0,0,0,1.5,0,0,0,0
M-VGMDB-AL-71404,MY MAI☆TONIGHT/MIRACLE WAVE,4.933333333333334,0.8999999999999999,0,0,0,0,0,0,0,0,0.8999999999999999,0,0,0,0
M-VGMDB-AL-106577,BanG Dream! Girls Band Party! Cover collection vol.5,5.290672537752629,1.6104123292805206,0,0.36510308232013017,0,0,0,0,0,0,1.2453092469603904,0,0,0,0
M-VGMDB-AL-34269-7,Ascension to Heaven,5.523688628716457,2.099746120304559,0.6414098392053468,0.12828196784106935,0,0,0.5131278713642774,0,0,0,1.2000000000000002,0,0,0,0
M-VGMDB-AL-37999-2,Hello Alone -Yui Ballade-,6.015114854454487,3.1211607962362824,0,0,0,0,2.3643540225079396,0,0,0,0.7568067737283429,0,0,0,0
M-VGMDB-AL-37999-1,Hello Alone,4.837871182485562,0.7568067737283429,0,0,0,0,0,0,0,0,0.7568067737283429,0,0,0,0
F-VGMDB-8677,Hataraku Saibou,4.48,0.2200000000000002,0,0.019999999999999997,0,0,0,0,0,0,1.2000000000000002,0,0,-1,0
A-MAL-44275,SELECTION PROJECT,7.257708444097663,5.298417321711104,0.03908020949125221,0.26613535517028,0.0938364287975994,0.36011425858259233,4.104512761494206,0.0595533810724766,0,0,0.07718678439274465,0,0,1.0410335850875783,0
M-VGMDB-AL-70716-1,over and over,5.238095238095238,1.5,0,0,0,0,0,0,0,0,1.5,0,0,0,0
M-VGMDB-AL-97692-1,Beginner's Sailing,5.095238095238095,1.2000000000000002,0,0,0,0,0,0,0,0,1.2000000000000002,0,0,0,0
A-MAL-37869,BanG Dream! 2nd Season,5.308051929861648,1.6469090527094599,0.05098735152390061,2.228357663909253,-0.03548367573035199,0.25839936909201683,0.24074706744766625,0.0029138223995544034,0.00022697798616076221,0,0.30008937260346497,0,0,-0.9174160372810541,0
M-VGMDB-AL-78253,THE IDOLM@STER MILLION THE@TER GENERATION 11 UNION!!,5.161904761904762,1.3399999999999999,0,0.29000000000000004,0,0,0,0,0,0,1.0499999999999998,0,0,0,0
M-14,Stellamaris,5.615382479881933,2.2923032077520586,0,0,0,0,0,0,0,0,2.2923032077520586,0,0,0,0
M-VGMDB-AR-11666,Kano,9.355206338977673,10.831551561936749,0,2.9787689607109322,0,0.6514777033711425,4.889066847950176,0.9457416090031758,0.09457416090031759,0,4.503122031794032,0,0,0,0
M-13,ortensia,5.504057145679517,2.058520005926985,0,0,0,0,0,0,0,0,2.058520005926985,0,0,0,0
M-12,kamaboko,4.837871182485562,0.7568067737283429,0,0,0,0,0,0,0,0,0.7568067737283429,0,0,0,0
M-11,Colorful. (kamaboko remix),4.933333333333334,0.8999999999999999,0,0,0,0,0,0,0,0,0.8999999999999999,0,0,0,0
M-VGMDB-AL-78378,"Thank you, FRIENDS!!",5.309523809523809,1.6500000000000001,0,0,0,0,0,0,0,0,1.6500000000000001,0,0,0,0
M-18,Plasmagica,7.430351776511737,5.833290858975125,0,0.30621481854640287,0,0.4728708045015879,2.1273183587779956,0,0,0,3.5549440906933696,0,0,0,0
M-17,SPRiNGS,5.595871575259089,2.251330308044087,0,0,0,0,0,0,0,0,2.251330308044087,0,0,0,0
M-16,Tetrarkhia,5.4218229732701175,1.8858282438672467,0,0,0,0,0,0,0,0,1.8858282438672467,0,0,0,0
M-15,TROIS ANGES,5.4695511328127,1.986057378906669,0,0,0,0,0,0,0,0,1.986057378906669,0,0,0,0
M-VGMDB-AL-52045-1,CANDY MAGIC,4.533333333333333,0.30000000000000004,0,0,0,0,0,0,0,0,0.30000000000000004,0,0,0,0
M-19,Tsurezurenaru Ayatsuri Mugenan,4.900778298735239,0.8511674481028582,0,0,0,0,0,0,0,0,0.8511674481028582,0,0,0,0
M-VGMDB-AL-80253-1,Kimi no Sei,4.533333333333333,0.30000000000000004,0,0,0,0,0,0,0,0,0.30000000000000004,0,0,0,0
A-MAL-24997,Love Live! School Idol Project Movie,5.906096389810653,2.9028024186023718,-0.20578832063188485,2.114505263783673,-0.20723456842233964,0.15944574172346632,0.022151215771755793,0.0476339257817863,0,0,0.059849533966852476,0,0,1.021533022657882,0
M-VGMDB-AL-23391-1,Connect,4.933333333333334,0.8999999999999999,0,0,0,0,0,0,0,0,0.8999999999999999,0,0,0,0
F-VGMDB-4000,Gakkougurashi!,7.709120114193148,6.696954718841126,0,0.35317737998319165,0,0,4,0,0,0,1.6550829102168765,0,0,1,0
A-MAL-34445,Yuuki Yuuna wa Yuusha de Aru: Yuusha no Shou,6.686020079287577,4.060428111002608,0.037516786106849734,1.0377112727928184,0.930460858621236,0.19133489006815957,2.326581458926107,0.05716071093814355,0,0,0.07181944076022295,0,0,1.0258396271894585,0
F-VGMDB-10978,Irodorimidori,5.722237737274962,2.516699248277419,0,0,0,0,0,0,0,0,1.5166992482774193,0,0,1,0
M-VGMDB-AL-91985-1,Utsuroi,5.616666666666667,2.2950000000000004,0,0.34500000000000003,0,0,0,0,0,0,1.9500000000000004,0,0,0,0
F-VGMDB-3274,Yahari Ore no Seishun Love Comedy wa Machigatteiru.,9.381391867409267,10.922537426262746,0,3.1299577094917908,0,1.2,5.746101216951342,0,0,0,1.9556271491102102,0.75,0,1.075,0
M-VGMDB-AL-89431-1,Signal,5.523809523809524,2.0999999999999996,0,0,0,0,0,0,0,0,2.0999999999999996,0,0,0,0
M-VGMDB-AR-33857,AiRBLUE,5.57693732765137,2.211568388067877,0,0,0,0,0,0,0,0,2.211568388067877,0,0,0,0
M-21,BUD VIRGIN LOGIC,5.125656260231842,1.2638781464868671,0,0,0,0,0,0,0,0,1.2638781464868671,0,0,0,0
M-20,Mashumairesh!!,7.017289680445971,4.553565882962226,0,0,0,0.668740304976422,0,1.671850762441055,0,0,2.6724969989600296,0,0,0,0
M-VGMDB-AR-12516,ZAQ,4.8,0.7000000000000001,0,0.09999999999999999,0,0,0,0,0,0,0.6000000000000001,0,0,0,0
M-VGMDB-AL-86315-3,P SHOW BY ROCK!!,5.523809523809524,2.0999999999999996,0,0,0,0,0,0,0,0,2.0999999999999996,0,0,0,0
M-VGMDB-AL-80802-2,Yume e no Ippo,4.433333333333334,0.14999999999999997,0,0,0,0,0,0,0,0,0.15,0,0,0,0
M-VGMDB-AL-118562,Taikakusen wo Tsunaideyo,5.238095238095238,1.5,0,0,0,0,0,0,0,0,1.5,0,0,0,0
M-VGMDB-AL-82983,Pullulate,5.2596625111934,1.5452912735061402,0,0,0,0,0,0,0,0,1.5452912735061402,0,0,0,0
M-VGMDB-AL-57564,nowhere,5.7723548769353945,2.621945241564329,0,0,0,0.10000000000000002,0.2639015821545788,0,0,0,2.3277683608730397,0,0,0,0
M-VGMDB-AL-37932,Yukitoki,4.733333333333333,0.6000000000000001,0,0,0,0,0,0,0,0,0.6000000000000001,0,0,0,0
M-VGMDB-AL-61940,Schlehit Melodie/Danzai no Solitude,5.095238095238095,1.2000000000000002,0,0,0,0,0,0,0,0,1.2000000000000002,0,0,0,0
M-VGMDB-AL-80802-8,CHASE!,4.633333333333333,0.4499999999999999,0,0,0,0,0,0,0,0,0.4499999999999999,0,0,0,0
M-VGMDB-AL-82743,Y.O.L.O,5.190476190476191,1.4,0,0.35,0,0,0,0,0,0,1.0499999999999998,0,0,0,0
M-VGMDB-AL-45187-1,ripple ~my first love~,5.238095238095238,1.5,0,0,0,0,0,0,0,0,1.5,0,0,0,0
M-VGMDB-AL-87199,Mitaiken HORIZON,5.166666666666667,1.35,0,0,0,0,0,0,0,0,1.35,0,0,0,0
M-VGMDB-AL-49046-1,Kimi wa Wasurerareru no,6.214285714285714,3.4,0,0,0,0,2.5,0,0,0,0.8999999999999999,0,0,0,0
M-VGMDB-AL-80802-1,TOKIMEKI Runners,4.933333333333334,0.8999999999999999,0,0,0,0,0,0,0,0,0.8999999999999999,0,0,0,0
M-VGMDB-AL-87198,Love U my friends,5.278765303119832,1.5854071365516473,0,0,0,0,0,0,0,0,1.5854071365516473,0,0,0,0
A-MAL-32038,Show by Rock!! #,8.407439883947172,8.412690665342417,0.09379196526712436,3.166625560954238,0.08945322189576006,3.6548298749385566,3.699452481732934,0.1429017773453589,0,0,0.5449638425769837,0,0,1.0645990679736461,0
F-VGMDB-4499,Show By Rock!!,10,16.17247233112098,1.0937919652671244,4.261245135570192,0.08945322189576006,3.8455821097810103,5.344485290406845,2.642901777345359,0,0,5.77850290216172,0,0,1.0645990679736461,-0.25
M-VGMDB-AR-31328,Pastel*Palletes,5.0339819188333745,1.0713620295500865,0,0.23643540225079393,0,0,0,0,0,0,0.8349266272992927,0,0,0,0
M-VGMDB-AR-31329,"Hello, Happy World!",5.323186359990779,1.6786913559806371,0,0.2600789424758734,0,0,0,0,0,0,1.4186124135047637,0,0,0,0
M-VGMDB-AR-13719,μ's,5.484046308523686,2.016497247899741,0,0.1341640786499874,0,0,0,0,0,0,1.8823331692497534,0,0,0,0
M-VGMDB-AR-31326,Afterglow,5.154303929811641,1.3240382526044459,0,0.33100956315111146,0,0,0,0,0,0,0.9930286894533344,0,0,0,0
F-VGMDB-6434,OneRoom,4.574666666666666,0.3620000000000001,0,0.552,0,0,0,0,0,0,0.81,0,0,-1,0
M-10,Colorful. (Asterisk DnB Remix),4.883333333333334,0.8250000000000001,0,0,0,0,0,0,0,0,0.8250000000000001,0,0,0,0
F-VGMDB-6439,Onsen Musume,6.720582398183403,4.108815357456764,0,0.7042880610329793,0,0,0,0,0,0,3.404527296423784,0,0,0,0
M-VGMDB-AL-78536-2,Startin' My Re:STAGE!!,4.533333333333333,0.30000000000000004,0,0,0,0,0,0,0,0,0.30000000000000004,0,0,0,0
F-VGMDB-9703,SELECTION PROJECT,7.741869615999651,6.798417321711104,0.03908020949125221,0.26613535517028,0.0938364287975994,0.36011425858259233,4.104512761494206,0.0595533810724766,0,0,1.5771867843927447,0,0,1.0410335850875783,0
M-36,Will Stetson,4.827527678454427,0.7412915176816408,0,0.36926667633395527,0,0,0,0,0,0,0.3720248413476856,0,0,0,0
A-MAL-23209,Sora no Method,7.087073099324024,4.769764815036584,0,0.4255837240514291,0,0,3.4695911518355187,0,0,0,0.23751142393912095,0,0,1,0
M-35,Harumodoki (Asterisk DnB Remix) [Rakakun- Edit],4.833333333333333,0.75,0,0,0,0,0,0,0,0,0.75,0,0,0,0
M-34,Rakakun,4.71325117615913,0.5698767642386944,0,0,0,0,0,0,0,0,0.5698767642386944,0,0,0,0
M-33,Cherry Bomb,4.993333333333333,0.9899999999999999,0,0.05999999999999999,0,0,0,0,0,0,0.9299999999999999,0,0,0,0
M-VGMDB-AL-78478,360° Hoshi no Orchestra,5.023809523809524,1.05,0,0.3,0,0,0,0,0,0,0.75,0,0,0,0
M-37,Harumachi Clover (Swing Arrangement) [Dictate Edit],4.84,0.76,0,0.46,0,0,0,0,0,0,0.30000000000000004,0,0,0,0
M-VGMDB-AL-37130-3,[It's not] World's end,7.331272197942111,5.526328267839204,0,0,0,0,4.026328267839204,0,0,0,1.5,0,0,0,0
M-VGMDB-AL-42945-1,7 Girls War,5.023809523809524,1.0499999999999998,0,0,0,0,0,0,0,0,1.0499999999999998,0,0,0,0
M-VGMDB-AL-37130-2,Utautai no Uta,5.809523809523809,2.7,0,0,0,0.3,0,0,0,0,2.4000000000000004,0,0,0,0
M-VGMDB-AL-37130-5,"Asayake, Kimi no Uta.",5,1,0,0,0,0.4,0,0,0,0,0.6000000000000001,0,0,0,0
M-VGMDB-AL-37130-4,"""Nee.""",5.0476190476190474,1.1,0,0,0,0,0.5,0,0,0,0.6000000000000001,0,0,0,0
M-VGMDB-AL-58627,Now Loading!!!!,5.119047619047619,1.2499999999999998,0,0.19999999999999998,0,0,0,0,0,0,1.0499999999999998,0,0,0,0
M-VGMDB-AL-37130-6,Sakura no Zenya,5.761904761904762,2.5999999999999996,0,0,0,0,0.5,0,0,0,2.0999999999999996,0,0,0,0
M-VGMDB-AL-89363,Re:STAGE! DREAM DAYS♪ SONG SERIES 5 INSERT SONG MINI ALBUM: DRe:AMER KiRaRe ver.,7.1713703849678705,5.030929765478682,0,0.37353386863767524,0,0,0,1.9881768219176266,0,0,2.9701152847148906,0,0,0,0
M-VGMDB-AL-89364,Re:STAGE! DREAM DAYS♪ SONG SERIES 6 INSERT SONG MINI ALBUM: DRe:AMER ortensia ver.,7.121845695559272,4.877495251469497,0,0.3,0,0,0,1.9881768219176266,0,0,2.838729103795106,0,0,0,0
M-VGMDB-AL-47403,Hoshikuzu no Interlude,4.933333333333334,0.8999999999999999,0,0,0,0,0,0,0,0,0.8999999999999999,0,0,0,0
M-VGMDB-AL-51918-1,Kuchizuke Diamond,5.166666666666667,1.3499999999999999,0,0.30000000000000004,0,0,0,0,0,0,1.0499999999999998,0,0,0,0
M-VGMDB-AL-47402,Stargazer,4.933333333333334,0.8999999999999999,0,0,0,0,0,0,0,0,0.8999999999999999,0,0,0,0
M-VGMDB-AL-43164,Mitsuba no Musubime,4.483333333333333,0.22499999999999992,0,0,0,0,0,0,0,0,0.22499999999999995,0,0,0,0
M-VGMDB-AL-70622,Yuuki wa Doko ni? Kimi no Mune ni!,5.3809523809523805,1.7999999999999998,0,0,0,0,0,0,0,0,1.7999999999999998,0,0,0,0
A-MAL-35756,Comic Girls,5.190476190476191,1.4,0,0.4,0,0,0,0,0,0,0,0,0,1,0
A-MAL-33573,BanG Dream!,7.121305214183112,4.8758207634863835,0.05098735152390061,2.4549230994255526,-0.03548367573035199,0.25839936909201683,2.4407470674476666,0.0029138223995544034,0.00022697798616076221,0,0.09054157919213535,0,0,1.082583962718946,0
M-43,Chikyuu Saigo no Kokuhaku wo (HAG),7.1182548803398955,4.866370396479775,0,0,0,0,3.1113703964797748,0,0,0,1.755,0,0,0,0
M-42,H△G,7.031697387863688,4.598203004608468,0,0,0,0,2.9472957159553186,0,0,0,1.6509072886531495,0,0,0,0
M-VGMDB-AL-78339-2,crave,4.833333333333333,0.75,0,0,0,0,0,0,0,0,0.75,0,0,0,0
M-41,Chikyuu Saigo no Kokuhaku wo (yuikonnu),7.344917781761215,5.5686042224521,0,0,0,0,3.363604222452099,0,0,0,2.2050000000000005,0,0,0,0
A-MAL-35639,Just Because!,6.5,3.8,0,0,0,0,2.5,0,0,0,0.30000000000000004,0,0,1,0
M-VGMDB-AL-78339-1,＊Heart Confusion＊,4.533333333333333,0.30000000000000004,0,0,0,0,0,0,0,0,0.30000000000000004,0,0,0,0
M-VGMDB-AL-55364,Is the order a rabbit?? Chino Character Song Album: CUP OF Chino,5.0088826351223625,1.0186535337569613,0,0,0,0,0,0,0,0,1.0186535337569613,0,0,0,0
M-24,Kimiiro Hanabi -album version-,5.857142857142857,2.8,0,0,0,0,0,1,0,0,1.7999999999999998,0,0,0,0
M-23,Criticrista,6.789520430637019,4.205328602891827,0,0.85723212890964,0,0,0,0,0,0,3.3480964739821863,0,0,0,0
M-VGMDB-AR-9069,Yokoyama Masaru,6.990233497591315,4.4863268966278405,0,0,0,0,3.298769776932236,0,0,0,1.1875571196956047,0,0,0,0
M-22,Seishun wa Non-Stop! (Asterisk DnB Remix),5.559523809523809,2.175,0,0.375,0,0,0,0,0,0,1.7999999999999998,0,0,0,0
M-VGMDB-AL-58750,Kimeta yo Hand in Hand/Daisuki Dattara Daijoubu!,5.023809523809524,1.0499999999999998,0,0,0,0,0,0,0,0,1.0499999999999998,0,0,0,0
M-29,Maware! GO! GO! CHUNITHM,5.045385355695424,1.0953092469603904,0,0,0,0,0,0,0,0,1.0953092469603904,0,0,0,0
M-26,Irodorimidori,5.124970091822755,1.2624371928277847,0,0,0,0,0,0,0,0,1.2624371928277847,0,0,0,0
A-MAL-35760,Shingeki no Kyojin Season 3,4.850042313282573,0.7750634699238603,0,-0.22493653007613962,0,0,0,0,0,0,0,0,0,1,0
A-MAL-24765,Gakkougurashi!,7.228878912024477,5.209099341213212,0,0.2837224827009528,0,0,4,0,0,0,0.17999999999999997,0,0,1,0
F-VGMDB-2090,Sakurasou no Pet na Kanojo,7.613924882610165,6.4020263857541835,0,0,0,1,2.75,0,0,0,0.675,0,1.681792830507429,1,0
A-MAL-13759,Sakurasou no Pet na Kanojo,7.43962686072545,5.862026385754183,0,0,0,1,2.75,0,0,0,0.13499999999999998,0,1.681792830507429,1,0
M-VGMDB-AL-37932-1,Yukitoki,4.733333333333333,0.6000000000000001,0,0,0,0,0,0,0,0,0.6000000000000001,0,0,0,0
M-VGMDB-AL-21146,HO-KAGO TEA TIME Second,4.433333333333334,0.14999999999999997,0,0,0,0,0,0,0,0,0.15,0,0,0,0
M-VGMDB-AL-37130-1,Hello / How are you (mix),5,1,0,0,0,0.25,0,0,0,0,0.75,0,0,0,0
M-VGMDB-AL-112929,L!L!L! (Love the Life We Live),5.3809523809523805,1.7999999999999998,0,0,0,0,0,0,0,0,1.7999999999999998,0,0,0,0
M-MAL-36631,Pandora Voxx Complete,7.164641223917983,5.0100818698591745,0,0,0,0,3.735081869859175,0,0,0,1.275,0,0,0,0
F-VGMDB-504,K-On!,6.063665803764661,3.189132125270526,0,1.4820276274479645,0,1,0,0,0,0,0.7845234669311529,0,0,0.5,0
M-32,S,4.993333333333333,0.9899999999999999,0,0.05999999999999999,0,0,0,0,0,0,0.9299999999999999,0,0,0,0
M-31,Zero kara hajimeru Brain Power,4.833333333333333,0.75,0,0,0,0,0,0,0,0,0.75,0,0,0,0
M-30,Bokura no Freedom DiVE↓,4.933333333333334,0.8999999999999999,0,0,0,0,0,0,0,0,0.8999999999999999,0,0,0,0
M-VGMDB-AR-12726,Sakura Ayane,4.485122661021416,0.22768399153212326,0,0,0,0,0,0,0,0,0.2276839915321233,0,0,0,0
